--
-- This section includes the database changes of Seo Panel version from 2.0.0 to 2.1.0
--

--
-- To add proxy settings to settings table
--

INSERT INTO `settings` (`id`, `set_label`, `set_name`, `set_val`, `set_type`) VALUES
(9, 'Enable Proxy', 'SP_ENABLE_PROXY', '0', 'bool');

INSERT INTO `settings` (`id`, `set_label`, `set_name`, `set_val`, `set_type`) VALUES (NULL, 'Default Language', 'SP_DEFAULTLANG', 'en', 'small');

--
-- Table structure for table `proxylist`
--

CREATE TABLE IF NOT EXISTS `proxylist` (
  `id` int(11) unsigned NOT NULL AUTO_INCREMENT,
  `proxy` varchar(32) COLLATE utf8_unicode_ci DEFAULT NULL,
  `port` int(8) DEFAULT NULL,
  `proxy_auth` tinyint(1) NOT NULL DEFAULT '0',
  `proxy_username` varchar(64) COLLATE utf8_unicode_ci DEFAULT NULL,
  `proxy_password` varchar(64) COLLATE utf8_unicode_ci DEFAULT NULL,
  `status` tinyint(1) NOT NULL DEFAULT '0',
  PRIMARY KEY (`id`)
) ENGINE=MyISAM  DEFAULT CHARSET=utf8 COLLATE=utf8_unicode_ci AUTO_INCREMENT=1;

--
-- alter search engine table for storing non utf8 search engines
--

ALTER TABLE `searchengines` ADD `encoding` VARCHAR( 32 ) CHARACTER SET utf8 COLLATE utf8_unicode_ci NULL AFTER `description_index`;

--
-- Table structure for table `languages`
--

DROP TABLE IF EXISTS `languages`;
CREATE TABLE IF NOT EXISTS `languages` (
  `lang_code` varchar(8) CHARACTER SET latin1 NOT NULL,
  `lang_name` varchar(24) COLLATE utf8_unicode_ci DEFAULT NULL,
  `lang_show` varchar(32) COLLATE utf8_unicode_ci DEFAULT NULL,
  `translated` tinyint(1) NOT NULL DEFAULT '0',
  PRIMARY KEY (`lang_code`)
) ENGINE=MyISAM DEFAULT CHARSET=utf8 COLLATE=utf8_unicode_ci;


--
-- Dumping data for table `languages`
--

INSERT INTO `languages` (`lang_code`, `lang_name`, `lang_show`, `translated`) VALUES
('en', 'English', 'English', 1),
('de', 'German', 'Deutsch', 1),
('fr', 'French', 'Français', 1),
('it', 'Italian', 'italiano', 0),
('es', 'Spanish', 'español', 1),
('pl', 'Polish', 'polski', 0),
('ru', 'Russian', 'Русский язык', 0),
('hi', 'Hindi', 'हिन्दी', 0),
('ar', 'Arabic', 'العربية', 0),
('pt', 'Portuguese', 'português', 0),
('sv', 'Swedish', 'Svenska', 0),
('no', 'Norwegian', 'Norsk', 0),
('da', 'Danish', 'dansk', 0),
('fi', 'Finnish', 'suomi', 0),
('hu', 'Hungarian', 'magyar', 0),
('nl', 'Dutch', 'Nederlands', 0),
('sr', 'Serbian', 'српски', 0),
('bg', 'Bulgarian', 'български', 0),
('uk', 'Ukrainian', 'Українська', 0),
('el', 'Greek', 'ελληνικά', 0),
('he', 'Hebrew', 'עברית / עִבְרִית', 0),
('ko', 'Korean', '한국어 [韓國語]', 0),
('zh', 'Chinese', '中文', 0),
('ja', 'Japanese', '日本語 ', 0),
('tl', 'Tagalog', 'Tagalog', 0),
('id', 'Indonesian', 'Bahasa Indonesia', 0),
('fa', 'Farsi', NULL, 0),
('th', 'Thai', 'ภาษาไทย', 0),
('ro', 'Romanian', 'română', 0),
('tr', 'Turkish', 'Türkçe', 0),
('hr', 'Croatian', 'Hrvatski', 0),
('mk', 'Macedonian', 'македонски', 0),
('bs', 'Bosnian', 'Bosanski', 0),
('sq', 'Albanian', 'shqip', 0),
('sw', 'Swahili', 'Kiswahili', 0),
('hy', 'Armenian', 'Հայերէն', 0),
('cs', 'Czech', 'čeština', 0),
('sk', 'Slovak', 'slovenčina', 0);
--
-- Alter user table to add lang_code
--
ALTER TABLE `users` ADD `lang_code` VARCHAR( 8 ) NOT NULL DEFAULT 'en' AFTER `email`;

--
-- Table structure for table `translators`
--

CREATE TABLE IF NOT EXISTS `translators` (
  `id` int(11) unsigned NOT NULL AUTO_INCREMENT,
  `lang_code` varchar(8) NOT NULL,
  `trans_name` varchar(64) NOT NULL,
  `trans_company` varchar(64) NOT NULL,
  `trans_website` varchar(200) NOT NULL,
  PRIMARY KEY (`id`),
  UNIQUE KEY `language_id` (`lang_code`)
) ENGINE=MyISAM  DEFAULT CHARSET=latin1 AUTO_INCREMENT=1 ;

--
-- Dumping data for table `translators`
--

INSERT INTO `translators` (`id`, `lang_code`, `trans_name`, `trans_company`, `trans_website`) VALUES
(1, 'de', 'Grauhut', 'ONLINE MARKETING', 'http://www.grauhut.com/'),
(2, 'es', 'busca.com.co', 'Directorio web de enlaces', 'http://www.busca.com.co'),
(3, 'fr', 'Erik De Zeeuw', 'ez-solutions.fr', 'http://www.ez-solutions.fr/');

--
-- Alter directroy table
--
ALTER TABLE `directories` ADD `google_pagerank` SMALLINT NOT NULL DEFAULT '0',
ADD `alexa_rank` INT( 11 ) NOT NULL DEFAULT '-1',
ADD `lang_code` VARCHAR( 8 ) NOT NULL DEFAULT 'en',
ADD `checked` BOOL NOT NULL DEFAULT '0';

ALTER TABLE `directories` ADD UNIQUE (
`submit_url`
);

--
-- to get 100 results for google in firefox
--
UPDATE `searchengines` SET `cookie_send` = 'PREF=ID=214f73e704da6702:SG=2' WHERE `searchengines`.`id` =1;

--
-- Table structure for table `texts`
--

CREATE TABLE IF NOT EXISTS `texts` (
  `id` bigint(20) unsigned NOT NULL AUTO_INCREMENT,
  `lang_code` varchar(8) COLLATE utf8_unicode_ci NOT NULL DEFAULT 'en',
  `category` varchar(32) COLLATE utf8_unicode_ci NOT NULL DEFAULT 'common',
  `label` varchar(64) COLLATE utf8_unicode_ci DEFAULT NULL,
  `content` text COLLATE utf8_unicode_ci,
  `changed` timestamp NOT NULL DEFAULT CURRENT_TIMESTAMP,
  PRIMARY KEY (`id`),
  UNIQUE KEY `language_id` (`lang_code`,`category`,`label`)
) ENGINE=MyISAM  DEFAULT CHARSET=utf8 COLLATE=utf8_unicode_ci AUTO_INCREMENT=1051 ;

--
-- Dumping data for table `texts`
--

INSERT INTO `texts` (`id`, `lang_code`, `category`, `label`, `content`, `changed`) VALUES
(1, 'en', 'common', 'lang', 'Language', '2010-09-08 00:37:53'),
(2, 'de', 'common', 'lang', 'Sprache', '2010-09-29 19:26:36'),
(3, 'fr', 'common', 'lang', 'Langue', '2010-09-27 02:50:23'),
(4, 'en', 'common', 'contact', 'Contact', '2010-09-08 01:08:36'),
(5, 'en', 'common', 'help', 'Help', '2010-09-08 01:09:00'),
(6, 'en', 'common', 'forum', 'Forum', '2010-09-08 01:09:19'),
(7, 'en', 'common', 'signin', 'Sign in', '2010-09-08 01:09:50'),
(8, 'en', 'common', 'Sign out', 'Sign out', '2010-09-08 01:11:47'),
(9, 'en', 'common', 'Seo Tools', 'Seo Tools', '2010-09-08 01:13:44'),
(10, 'en', 'common', 'Seo Plugins', 'Seo Plugins', '2010-09-08 01:13:57'),
(11, 'en', 'common', 'Support', 'Support', '2010-09-08 01:14:15'),
(12, 'en', 'common', 'Donate', 'Donate', '2010-09-08 01:14:25'),
(13, 'en', 'common', 'My Account', 'My Account', '2010-09-08 01:14:38'),
(14, 'en', 'common', 'Sign Up', 'Sign Up', '2010-09-08 01:14:49'),
(15, 'fr', 'common', 'Support', 'Support', '2010-09-27 02:50:23'),
(16, 'en', 'common', 'User Panel', 'User Panel', '2010-09-08 01:25:16'),
(17, 'en', 'common', 'Admin Panel', 'Admin Panel', '2010-09-08 01:25:37'),
(18, 'en', 'common', 'copyright', 'Copyright &#169; [year] www.seopanel.in All rights reserved', '2010-09-08 01:29:30'),
(19, 'en', 'home', 'home_cont1', '<h1 style="text-align: center;margin-bottom: 30px;font-size: 19px;">Welcome to Seo Panel - World''s first seo control panel for multiple websites</h1>\r\n		<p>\r\n			A complete <b>open source seo control panel</b> for managing <b>search engine optimization</b> of your websites. \r\n			Seo Panel is a <b>seo tool kit</b> includes latest hot seo tools to <b>increase and track</b> the <b>performace</b> of your websites.\r\n			It is a <b>free software</b> released under <b>GNU GENERAL PUBLIC LICENSE</b>.\r\n			The main feature of seo panel is its <b>extendability</b> by using <a href="<?=SP_PLUGINSITE?>" target="_blank">seo plugins</a>.\r\n			Any one can easily <b>develop and install</b> required plugins for their seo panel. \r\n		</p>\r\n		<p></p>\r\n		<p>\r\n			This open source software was <b>released on January 2010</b>.\r\n			With in this <b>short period</b> of  time <b>thousands</b> of <b>web masters</b> are using this software for <b>optimizing</b> their websites.\r\n			Use seo panel today itself and <b>enjoy</b> everything related to seo under a <b>single platform</b>.\r\n		</p>', '2010-09-08 01:43:06'),
(20, 'en', 'home', 'home_cont2', '<fieldset>\r\n<legend>Major Features of Seo Panel <?=SP_INSTALLED?></legend>\r\n<ul class="infobox">\r\n	<li>		\r\n		<h1>Automatic Directory Submission Tool</h1>\r\n		<p>\r\n			Automatic directory submission tool help us to <b>submit our websites</b> into to major <b>free and paid internet directories</b>.\r\n			We can also <b>track the status</b> of each submision through <b>periodical check</b> using submission <b>status checker script</b>.\r\n			<b>Directory manager</b> will help us to find out whether <b>directory is active</b> or not.\r\n		</p>\r\n	</li>\r\n	<li>		\r\n		<h1>Keyword Position Checker</h1>\r\n		<p>\r\n			Keyword position checker will find the <b>search engine position</b> of <b>targetted keywords</b> of your website and <b>stores</b> it in the system.\r\n			In keyword position reports section, we can see the <b>daily positions</b> of keywords in different search engines by <b>beautiful graphs</b> and <b>detailed reports</b>.\r\n		</p>\r\n	</li>\r\n	<li>		\r\n		<h1>Sitemap Generator</h1>\r\n		<p>This will help us to create <b>XML,HTML,TEXT</b> sitemap files of our website for <b>submit</b> to search engines.</p>\r\n	</li>\r\n	<li>		\r\n		<h1>Google and Alexa Rank Checker</h1>\r\n		<p>\r\n			Google and alexa rank checker will find <b>google pagerank</b> and <b>alexa rank</b> of our websites and <b>stores</b> it in the system.\r\n			In <b>rank reports</b> section, we can see the <b>daily</b> google and alexa rank of each website by <b>detailed reports</b>.\r\n		</p>\r\n	</li>\r\n	<li>		\r\n		<h1>Backlinks Checker</h1>\r\n		<p>\r\n			Backlinks checker will find <b>number of backlinks</b> of our websites in different search engines<b>(google,yahoo,msn etc)</b> and <b>stores</b> it in the system.\r\n			<br>In <b>backlink reports</b> section, we can see the <b>daily backlinks count</b> of each website by <b>detailed reports</b>.\r\n		</p>\r\n	</li>	\r\n	<li>		\r\n		<h1>Search Engine Saturation Checker</h1>\r\n		<p>\r\n			Search Engine Saturation checker will find <b>number of indexed pages</b> of our websites in different search engines<b>(google,yahoo,msn etc)</b> and <b>stores</b> it in the system.\r\n			In <b>search engine saturation checker reports</b> section, we can see the <b>daily indexed page count</b> of each website by <b>detailed reports</b>.\r\n		</p>\r\n	</li>\r\n	<li>		\r\n		<h1>Seo Panel Plugins</h1>\r\n		<p>\r\n			The <b>major feature</b> of seo control panel is its <b>extentability</b>.\r\n			Add <b>seo plugins</b> to your seo panel to <b>extend the features</b> according to your requirement.\r\n			<a href="<?=SP_PLUGINSITE?>" target="_blank">Seo panel plugins</a> are provided by both seo panel and third party sites.\r\n			You can also easily <b>develop</b> seo plugins for your seo panel.\r\n			You can <a href="<?=SP_PLUGINSITE?>" target="_blank">submit</a> your seo plugin to seo panel and we will <b>publish</b> it in our website after our <b>review</b> process.\r\n		</p>\r\n	</li>\r\n	<li>		\r\n		<h1>Meta Tag Generator</h1>\r\n		<p>\r\n			Meta tag generator is a <b>seo panel plugin</b> for creating <b>custom meta tags</b> for our site.\r\n			It will help us to give <b>more information</b> about our website to <b>search engine bots</b> while they crawl our website.\r\n		</p>\r\n	</li>\r\n</ul>\r\n</fieldset>', '2010-09-08 01:50:22'),
(21, 'en', 'home', 'home_cont3', '<fieldset>\r\n<legend>Seo Panel Online Resources</legend>	\r\n<ul class="infobox">\r\n\r\n	<li>\r\n		<h1>Seo Panel Online Resources for Reference</h1>				\r\n		\r\n		\r\n		<p>\r\n			<a href="http://www.seopanel.in" target="_blank">Seo Panel Official Site</a>\r\n		</p>\r\n		<p>\r\n			<a href="<?=SP_DOWNLOAD_LINK?>" target="_blank">Download Seo Panel</a>\r\n		</p>\r\n		\r\n		<p>\r\n			<a href="<?=SP_DEMO_LINK?>" target="_blank">Seo Panel Demo</a>\r\n		</p>\r\n		\r\n		<p>\r\n			<a href="<?=SP_CONTACT_LINK?>" target="_blank">Conatct Seo Panel</a>\r\n		</p>\r\n		\r\n		<p>\r\n			<a href="<?=SP_HELP_LINK?>" target="_blank">Seo Panel Help Guide</a>\r\n		</p>\r\n		\r\n		<p>\r\n			<a href="<?=SP_FORUM_LINK?>" target="_blank">Seo Panel Forum</a>\r\n		</p>\r\n		\r\n		<p>\r\n			<a href="<?=SP_SUPPORT_LINK?>" target="_blank">Seo Panel Support System</a>\r\n		</p>\r\n		\r\n		<p>\r\n			<a href="<?=SP_DONATE_LINK?>" target="_blank">Donate to Seo Panel</a>\r\n		</p>\r\n	</li>\r\n	\r\n</ul>\r\n</fieldset>', '2010-09-08 01:54:46'),
(22, 'en', 'support', 'support_cont1', '<fieldset>\r\n<legend>Seo Panel Support System</legend>\r\n<ul class="infobox">\r\n	<li>\r\n		<h1>1000 Directory Package</h1> \r\n		<p>\r\n			We are providing <b>1000 free active and verified</b> internet directory package, to add into your seo panel <b>directory submission tool</b>.\r\n			It will help you to <b>increase the backlinks</b> of your websites.\r\n			Actually 1000 directory list is <b>introduced</b> to collect some money for <b>future development</b> of seo panel.\r\n			To get the 1000 directory list please <a href="<?=SP_DONATE_LINK?>" target="_blank">donate</a> $10 or more to improve the features of seo panel.\r\n			If you have any questions about 1000 directory package, please <a href="<?=SP_CONTACT_LINK?>" target="_blank">contact us</a> or open a ticket in <a href="<?=SP_SUPPORT_LINK?>" target="_blank">support system</a>.   \r\n		</p>		\r\n		<p>\r\n			<a href="<?=SP_DONATE_LINK?>" target="_blank">Visit this link to donate to seo panel</a>\r\n		</p>\r\n		<br>\r\n	</li>\r\n	\r\n	<li>\r\n		<h1>Local Search Engines Package</h1> \r\n		<p>\r\n			Add <b>local search engine domains</b> of google,yahoo,msn(<b>eg: www.google.de,www.google.fr etc</b>) to seo panel <b>keyword position checker</b>, to track your site perfomance locally.\r\n			To get local search engines package(according to your requirement) please <a href="<?=SP_DONATE_LINK?>" target="_blank">donate</a> $10 or more to improve the features of seo panel.\r\n			Before sending donation, please <a href="<?=SP_CONTACT_LINK?>" target="_blank">contact us</a> to provide us required search engine domain list.\r\n			<br><br>			  \r\n			Also to add <b>new search engines(eg:baidu.com)</b> to your seo panel keyword position checker, please <a href="<?=SP_CONTACT_LINK?>" target="_blank">contact us</a> or open a ticket in <a href="<?=SP_SUPPORT_LINK?>" target="_blank">support system</a>. \r\n		</p>		\r\n		<p class="visit">\r\n			<a href="<?=SP_CONTACT_LINK?>" target="_blank">Visit this link to contact us</a>\r\n		</p>\r\n		<br>\r\n	</li>\r\n	\r\n	<li>\r\n		<h1>Seo Panel Plugins</h1> \r\n		<p>\r\n			Add <b>seo plugins</b> to your seo panel to <b>extend the features</b> according to your requirement.\r\n			<a href="<?=SP_PLUGINSITE?>" target="_blank">Seo panel plugins</a> are provided by both seo panel and third party sites.\r\n			You can also easily <b>develop</b> seo plugins for your seo panel.\r\n			You can <a href="<?=SP_PLUGINSITE?>" target="_blank">submit</a> your seo plugin to seo panel and we will <b>publish</b> it in our website after our <b>review</b> process.        \r\n		</p>		\r\n		<p>\r\n			<a href="<?=SP_PLUGINSITE?>" target="_blank">Visit this link to get seo panel plugins</a>\r\n		</p>\r\n		<br>\r\n	</li>	\r\n	<li>\r\n		<h1>Contact Us</h1> \r\n		<p>\r\n			Contact us for any questions about <b>seo panel tools,plugins and features etc</b> by using below link.        \r\n		</p>		\r\n		<p>\r\n			<a href="<?=SP_CONTACT_LINK?>" target="_blank">Visit this link to contact us</a>\r\n		</p>\r\n		<br>\r\n	</li>	\r\n	<li>\r\n		<h1>Support Tickets</h1> \r\n		<p>\r\n			To get <b>technical support</b> from seo panel team to setup the <b>seo panel tools,plugins and features</b>. Eg: To set up cron for keyword position checker.\r\n		</p>		\r\n		<p>\r\n			<a href="<?=SP_SUPPORT_LINK?>" target="_blank">Visit this link to create a support ticket</a>\r\n		</p>\r\n		<br>\r\n	</li>	\r\n	<li>\r\n		<h1>Report Bugs</h1> \r\n		<p>\r\n			Report <b>bugs</b> about <b>seo panel tools,plugins and features etc</b> by using below link. \r\n			please help us to improve the features in next versions.          \r\n		</p>		\r\n		<p>\r\n			<a href="<?=SP_SUPPORT_LINK?>" target="_blank">Visit this link to report bugs</a>\r\n		</p>\r\n		<br>\r\n	</li>	\r\n</ul>\r\n</fieldset>', '2010-09-08 02:12:25'),
(23, 'en', 'support', 'support_cont2', '<fieldset>\r\n<legend>Seo Panel Online Resources</legend>\r\n<ul class="infobox">\r\n		\r\n	<li>\r\n		<h1>Seo Panel Help Guide</h1> \r\n		<p>\r\n			You can view the <a href="<?=SP_HELP_LINK?>" target="_blank">seo panel documentation</a> in the <b>help guide</b>, it contains the <b>documentation</b> for the seo panel tools,plugins and related features.\r\n			<br>It is the best place in internet to <b>get help</b> about seo panel. We hope that you <b>contribute</b> to the seo panel help guide, if you find errors or things missing.  	          \r\n		</p>\r\n		<p>\r\n			<a href="<?=SP_HELP_LINK?>" target="_blank">Visit seo panel help guide</a>\r\n		</p>\r\n		<br>\r\n	</li>	\r\n	<li>\r\n		<h1>Seo Panel Forum</h1> \r\n		<p>\r\n			A place to discuss about world''s first open source <b>seo control panel</b>. \r\n			It is the best place to find the <b>answers</b> to <b>your questions</b> about seo panel. \r\n			<br>Also you can <b>share</b> your <b>experience</b> while using seo panel for optimizing your websites.			     	          \r\n		</p>		\r\n		<p>\r\n			<a href="<?=SP_FORUM_LINK?>" target="_blank">Visit seo panel forum</a>\r\n		</p>\r\n		<br>\r\n	</li>\r\n</ul>	\r\n</fieldset>', '2010-09-08 02:13:38'),
(24, 'en', 'support', 'support_cont3', '<fieldset>\r\n<legend>Donate to Seo Panel</legend>\r\n<ul class="infobox">		\r\n	<li>\r\n		<h1>Donate to Seo Panel - First Open source seo control panel in the world</h1> \r\n		<p>\r\n			<b>Donate</b> to seo panel to support first open source seo control panel in the world.\r\n			We are planning to <b>add and improve</b> features of seo panel in future. \r\n			<br>With all your <b>support</b> only we can achieve our <b>goals</b>.\r\n			If you feel that seo panel is <b>worth</b> for you, please donate some amount to seo panel team.\r\n			<br>We will <b>publish</b> your name and site information in <a href="<?=SP_DONATE_LINK?>" target="_blank">donation page</a>, once we get donation.\r\n		</p>\r\n		<p>\r\n			<a href="<?=SP_DONATE_LINK?>" target="_blank">Visit this link to donate to seo panel</a>\r\n		</p>\r\n		<br>\r\n	</li>\r\n</ul>\r\n</fieldset>', '2010-09-08 02:13:38'),
(25, 'en', 'login', 'Login', 'Login', '2010-09-09 00:50:01'),
(26, 'en', 'login', 'Password', 'Password', '2010-09-09 00:50:01'),
(27, 'en', 'login', 'Register', 'Register', '2010-09-09 00:50:51'),
(46, 'en', 'login', 'User inactive', 'User inactive', '2010-09-09 01:48:22'),
(29, 'en', 'login', 'Create New Account', 'Create New Account', '2010-09-09 01:01:09'),
(30, 'en', 'login', 'Username', 'Username', '2010-09-09 01:01:09'),
(31, 'en', 'login', 'Confirm Password', 'Confirm Password', '2010-09-09 01:02:29'),
(32, 'en', 'login', 'First Name', 'First Name', '2010-09-09 01:02:29'),
(33, 'en', 'login', 'Last Name', 'Last Name', '2010-09-09 01:03:06'),
(34, 'en', 'login', 'Email', 'Email', '2010-09-09 01:03:06'),
(35, 'en', 'login', 'Enter the code as it is shown', 'Enter the code as it is shown', '2010-09-09 01:03:45'),
(36, 'en', 'login', 'Create my account', 'Create my account', '2010-09-09 01:03:45'),
(37, 'en', 'common', 'hidenews', 'Hide Seo Panel News', '2010-09-09 01:21:34'),
(38, 'en', 'common', 'Entry cannot be blank', 'Entry cannot be blank', '2010-09-09 01:26:49'),
(39, 'en', 'common', 'Invalid characters', 'Invalid characters', '2010-09-09 01:26:49'),
(40, 'en', 'common', 'entrynotvalid', 'The entry entered doesn''t seem to be  valid', '2010-09-09 01:27:47'),
(41, 'en', 'common', 'Invalid value', 'Invalid value', '2010-09-09 01:27:47'),
(42, 'en', 'common', 'Invalid email address entered', 'Invalid email address entered', '2010-09-09 01:28:31'),
(43, 'en', 'common', 'password632', 'The password string should have a length between 6 and 32', '2010-09-09 01:28:31'),
(44, 'en', 'common', 'passwordnotmatch', 'The passwords do not match', '2010-09-09 01:29:45'),
(45, 'en', 'common', 'Invalid code entered', 'Invalid code entered', '2010-09-09 01:29:45'),
(47, 'en', 'login', 'Password incorrect', 'Password incorrect', '2010-09-09 01:48:22'),
(48, 'en', 'login', 'Login incorrect', 'Login incorrect', '2010-09-09 01:48:40'),
(49, 'en', 'login', 'emailexist', 'Email already exist!', '2010-09-09 01:52:17'),
(50, 'en', 'login', 'usernameexist', 'Username already exist!', '2010-09-09 01:52:17'),
(51, 'en', 'login', 'newaccountsuccess', 'New account created successfully!', '2010-09-09 01:52:56'),
(52, 'en', 'login', 'Sign in to your account', 'Sign in to your account', '2010-09-09 01:52:56'),
(53, 'en', 'home', 'Account Summary', 'Account Summary', '2010-09-09 02:09:20'),
(54, 'en', 'home', 'Website Statistics', 'Website Statistics', '2010-09-09 02:09:20'),
(55, 'en', 'home', 'SiteNameUrl', 'Site Name/Url', '2010-09-09 02:10:04'),
(56, 'en', 'home', 'Ranks', 'Ranks', '2010-09-09 02:10:04'),
(57, 'en', 'home', 'Backlinks', 'Backlinks', '2010-09-09 02:14:54'),
(58, 'en', 'home', 'Pages Indexed', 'Pages Indexed', '2010-09-09 02:14:54'),
(59, 'en', 'home', 'Directory Submission', 'Directory Submission', '2010-09-09 02:15:01'),
(60, 'en', 'common', 'Total', 'Total', '2010-09-09 02:16:10'),
(61, 'en', 'common', 'Active', 'Active', '2010-09-09 02:16:10'),
(62, 'en', 'common', 'nowebsites', 'No Websites Found', '2010-09-09 02:16:26'),
(63, 'en', 'common', 'Id', 'Id', '2010-09-09 02:21:56'),
(64, 'de', 'common', 'Active', 'Aktiv', '2010-09-29 19:26:36'),
(65, 'de', 'common', 'Total', 'Gesamt', '2010-09-29 19:26:36'),
(66, 'en', 'seotools', 'keyword-position-checker', 'Keyword Position Checker', '2010-09-09 02:32:00'),
(67, 'en', 'seotools', 'sitemap-generator', 'Sitemap Generator', '2010-09-09 02:32:00'),
(68, 'en', 'seotools', 'rank-checker', 'Rank Checker', '2010-09-09 02:32:17'),
(69, 'en', 'seotools', 'backlink-checker', 'Backlinks Checker', '2010-09-09 02:32:59'),
(70, 'en', 'seotools', 'directory-submission', 'Directory Submission', '2010-09-09 02:32:59'),
(71, 'en', 'seotools', 'saturation-checker', 'Search Engine Saturation', '2010-09-09 02:33:19'),
(72, 'en', 'common', 'noactivetools', 'No Active Seo Tools Found!', '2010-09-09 02:37:09'),
(73, 'en', 'seotools', 'Keyword Position Summary', 'Keyword Position Summary', '2010-09-09 02:43:22'),
(74, 'en', 'seotools', 'Detailed Position Reports', 'Detailed Position Reports', '2010-09-09 02:43:22'),
(75, 'en', 'seotools', 'Graphical Position Reports', 'Graphical Position Reports', '2010-09-09 02:43:40'),
(76, 'en', 'seotools', 'Quick Position Checker', 'Quick Position Checker', '2010-09-09 02:43:40'),
(77, 'en', 'seotools', 'Keywords Manager', 'Keywords Manager', '2010-09-09 02:44:01'),
(78, 'en', 'seotools', 'Generate Keyword Reports', 'Generate Keyword Reports', '2010-09-09 02:44:01'),
(79, 'en', 'seotools', 'Google Sitemap Generator', 'Google Sitemap Generator', '2010-09-09 02:44:20'),
(80, 'en', 'seotools', 'Quick Rank Checker', 'Quick Rank Checker', '2010-09-09 02:44:20'),
(81, 'en', 'seotools', 'Rank Reports', 'Rank Reports', '2010-09-09 02:47:08'),
(82, 'en', 'seotools', 'Generate Rank Reports', 'Generate Rank Reports', '2010-09-09 02:47:08'),
(83, 'en', 'seotools', 'Quick Backlinks Checker', 'Quick Backlinks Checker', '2010-09-09 02:47:25'),
(84, 'en', 'seotools', 'Backlinks Reports', 'Backlinks Reports', '2010-09-09 02:47:25'),
(86, 'en', 'seotools', 'Generate Backlinks Reports', 'Generate Backlinks Reports', '2010-09-09 02:48:45'),
(87, 'en', 'seotools', 'Automatic Submission', 'Automatic Submission', '2010-09-09 02:48:45'),
(88, 'en', 'seotools', 'Featured Submission', 'Featured Submission', '2010-09-09 02:49:45'),
(89, 'en', 'seotools', 'Skipped Directories', 'Skipped Directories', '2010-09-09 02:49:45'),
(90, 'en', 'seotools', 'Submission Reports', 'Submission Reports', '2010-09-09 02:49:45'),
(91, 'en', 'seotools', 'Check Submission Status', 'Check Submission Status', '2010-09-09 02:49:45'),
(92, 'en', 'seotools', 'Quick Saturation Checker', 'Quick Saturation Checker', '2010-09-09 02:49:45'),
(93, 'en', 'seotools', 'Saturation Reports', 'Saturation Reports', '2010-09-09 02:50:06'),
(94, 'en', 'seotools', 'Generate Saturation Reports', 'Generate Saturation Reports', '2010-09-09 02:50:06'),
(95, 'en', 'common', 'Website', 'Website', '2010-09-10 00:15:10'),
(96, 'en', 'common', 'Keyword', 'Keyword', '2010-09-10 00:15:54'),
(97, 'en', 'common', 'No Keywords Found', 'No Keywords Found', '2010-09-10 00:17:35'),
(98, 'en', 'common', 'No Records Found', 'No Records Found', '2010-09-10 00:17:35'),
(99, 'en', 'common', 'Period', 'Period', '2010-09-10 00:21:03'),
(100, 'en', 'common', 'Search Engine', 'Search Engine', '2010-09-10 00:21:03'),
(101, 'en', 'common', 'Country', 'Country', '2010-09-10 00:56:16'),
(102, 'en', 'keyword', 'Detailed Keyword Position Reports', 'Detailed Keyword Position Reports', '2010-09-10 00:57:06'),
(103, 'en', 'common', 'Results', 'Results', '2010-09-10 00:59:51'),
(104, 'en', 'common', 'Rank', 'Rank', '2010-09-10 01:06:00'),
(105, 'en', 'common', 'Date', 'Date', '2010-09-10 01:06:00'),
(106, 'de', 'common', 'Date', 'Datum', '2010-09-29 19:26:36'),
(107, 'de', 'common', 'Rank', 'Rang', '2010-09-29 19:26:36'),
(108, 'en', 'keyword', 'Graphical Keyword Position Reports', 'Graphical Keyword Position Reports', '2010-09-10 01:26:06'),
(109, 'en', 'keyword', 'Keyword Position Report', 'Keyword Position Report', '2010-09-10 01:35:16'),
(110, 'en', 'keyword', 'Quick Keyword Position Checker', 'Quick Keyword Position Checker', '2010-09-10 01:45:24'),
(111, 'en', 'keyword', 'Show All results', 'Show All results', '2010-09-10 01:46:12'),
(112, 'en', 'seotools', 'clickgeneratereports', 'Click on <b>Proceed</b> to generate reports', '2010-09-10 01:50:57'),
(113, 'en', 'common', 'Details', 'Details', '2010-09-10 01:55:38'),
(114, 'en', 'Common', 'Name', 'Name', '2010-09-10 01:58:01'),
(115, 'en', 'common', 'Status', 'Status', '2010-09-10 02:06:18'),
(116, 'en', 'common', 'Action', 'Action', '2010-09-10 02:06:31'),
(117, 'en', 'common', 'Inactivate', 'Inactivate', '2010-09-10 02:07:12'),
(118, 'en', 'common', 'Activate', 'Activate', '2010-09-10 02:07:12'),
(119, 'en', 'common', 'Select', 'Select', '2010-09-10 02:07:39'),
(120, 'en', 'common', 'Edit', 'Edit', '2010-09-10 02:07:39'),
(121, 'en', 'common', 'Delete', 'Delete', '2010-09-10 02:07:51'),
(122, 'en', 'common', 'Reports', 'Reports', '2010-09-10 02:09:27'),
(123, 'en', 'common', 'All', 'All', '2010-09-10 02:20:10'),
(124, 'en', 'common', 'Inactive', 'Inactive', '2010-09-10 02:21:44'),
(125, 'de', 'common', 'Edit', 'Bearbeiten', '2010-09-29 19:26:36'),
(126, 'de', 'common', 'Delete', 'Löschen', '2010-09-29 19:26:36'),
(127, 'en', 'keyword', 'Edit Keyword', 'Edit Keyword', '2010-09-11 00:46:49'),
(128, 'en', 'keyword', 'Keyword already exist', 'Keyword already exist', '2010-09-11 01:06:04'),
(129, 'en', 'keyword', 'New Keyword', 'New Keyword', '2010-09-11 01:08:04'),
(130, 'en', 'keyword', 'Successfully crawled keyword', 'Successfully crawled keyword', '2010-09-11 01:28:06'),
(131, 'en', 'keyword', 'results from ', 'results from ', '2010-09-11 01:28:06'),
(132, 'en', 'keyword', 'not assigned to required search engines', 'not assigned to required search engines', '2010-09-11 01:32:25'),
(133, 'en', 'keyword', 'Crawling keyword', 'Crawling keyword', '2010-09-11 01:32:44'),
(134, 'en', 'common', 'failed', 'failed', '2010-09-11 01:33:37'),
(135, 'en', 'sitemap', 'processtaketime', 'This process will take time according to number of links in your site. Please wait to get sitemap files', '2010-09-11 01:48:08'),
(136, 'en', 'sitemap', 'clickproceedsitemap', 'Click on <b>Proceed</b> to create sitemap file', '2010-09-11 01:48:34'),
(137, 'en', 'sitemap', 'Exclude Url', 'Exclude Url', '2010-09-11 01:48:34'),
(138, 'en', 'common', 'Priority', 'Priority', '2010-09-11 01:48:45'),
(139, 'en', 'sitemap', 'Change frequency', 'Change frequency', '2010-09-11 01:48:56'),
(140, 'en', 'sitemap', 'Sitemap Type', 'Sitemap Type', '2010-09-11 01:49:10'),
(141, 'en', 'sitemap', 'Download sitemap file from', 'Download sitemap file from', '2010-09-11 02:26:47'),
(142, 'en', 'common', 'Found', 'Found', '2010-09-11 02:30:25'),
(143, 'en', 'rank', 'enterurlproceed', 'Enter URL''s <b>One per line</b>. Click on <b>Proceed</b> to check Google and Alexa rank.', '2010-09-14 01:26:31'),
(144, 'en', 'common', 'Url', 'Url', '2010-09-14 01:28:03'),
(145, 'en', 'common', 'Google Pagerank', 'Google Pagerank', '2010-09-14 01:28:34'),
(146, 'en', 'common', 'Alexa Rank', 'Alexa Rank', '2010-09-14 01:28:34'),
(147, 'en', 'rank', 'Google and Alexa Rank Reports', 'Google and Alexa Rank Reports', '2010-09-14 01:32:24'),
(148, 'en', 'rank', 'Saved rank results of', 'Saved rank results of', '2010-09-14 01:44:40'),
(149, 'en', 'backlink', 'clickproceedbacklink', 'Enter URL''s <b>One per line</b>. Click on <b>Proceed</b> to check Backlinks.', '2010-09-14 01:51:24'),
(150, 'en', 'backlink', 'Saved backlink results of', 'Saved backlink results of', '2010-09-14 02:04:29'),
(151, 'en', 'saturation', 'Quick Search Engine Saturation Checker', 'Quick Search Engine Saturation Checker', '2010-09-14 02:07:59'),
(152, 'en', 'saturation', 'clickproceedsaturation', 'Enter URL''s <b>One per line</b>. Click on <b>Proceed</b> to check Search Engine Saturation Results', '2010-09-14 02:09:39'),
(153, 'en', 'saturation', 'Search Engine Saturation Reports', 'Search Engine Saturation Reports', '2010-09-14 02:12:33'),
(154, 'en', 'saturation', 'GenerateSaturationReports', 'Generate Search Engine Saturation Reports', '2010-09-14 02:16:59'),
(155, 'en', 'saturation', 'Saved Search Engine Saturation results of', 'Saved Search Engine Saturation results of', '2010-09-14 02:19:31'),
(156, 'en', 'directory', 'Semi Automatic Directory Submission Tool', 'Semi Automatic Directory Submission Tool', '2010-09-14 02:24:11'),
(157, 'en', 'directory', 'Directories with out captcha', 'Directories with out captcha', '2010-09-14 02:24:25'),
(158, 'en', 'directory', 'selectwebsiteproceed', 'Select a <b>Website</b> to <b>Proceed</b> directory submission.<br>Check <b>Directories with out captcha</b> to submit to directories with out captcha', '2010-09-14 02:26:51'),
(159, 'en', 'directory', 'Please select a website to proceed', 'Please select a website to proceed', '2010-09-14 02:27:39'),
(160, 'en', 'common', 'Crawl Meta Data', 'Crawl Meta Data', '2010-09-14 02:29:34'),
(161, 'en', 'directory', 'Submission Details', 'Submission Details', '2010-09-15 00:54:18'),
(162, 'en', 'directory', 'Owner Name', 'Owner Name', '2010-09-15 00:54:18'),
(163, 'en', 'directory', 'Owner Email', 'Owner Email', '2010-09-15 00:55:08'),
(164, 'en', 'directory', 'spamemailnote', 'Some directories may send spam, we do not recommend using your primary email address.', '2010-09-15 00:55:08'),
(165, 'en', 'directory', 'Website Category', 'Website Category', '2010-09-15 00:58:00'),
(166, 'en', 'directory', 'categorynote', 'Categories, separate them with comma according to the priority. Start with Top priority category.', '2010-09-15 00:58:00'),
(167, 'en', 'directory', 'Website Url', 'Website Url', '2010-09-15 00:58:33'),
(168, 'en', 'directory', 'Submit Title', 'Submit Title', '2010-09-15 00:58:33'),
(169, 'en', 'directory', 'Submit Description', 'Submit Description', '2010-09-15 01:01:23'),
(170, 'en', 'directory', 'Submit Keywords', 'Submit Keywords', '2010-09-15 01:01:23'),
(171, 'en', 'directory', 'optionalnote', 'Optional titles and descriptions to submit random title and description to directories for better results.', '2010-09-15 01:02:11'),
(172, 'en', 'directory', 'desnote', 'Some directories require minimum 150 characters for the description field.', '2010-09-15 01:06:57'),
(173, 'en', 'common', 'Category', 'Category', '2010-09-15 01:15:24'),
(174, 'en', 'directory', 'Enter the code shown', 'Enter the code shown', '2010-09-15 01:15:38'),
(175, 'en', 'directory', 'nodirnote', 'No <b>Active</b> directories Found', '2010-09-15 01:17:08'),
(176, 'en', 'directory', 'nocatnote', 'The submission category not found in submission page. Please click on <b>Reload</b> or <b>Skip</b>', '2010-09-15 01:22:50'),
(177, 'en', 'directory', 'nosuccessnote', 'Didn''t get success message, Please check your mail to find the confirm message', '2010-09-15 01:27:40'),
(179, 'en', 'common', 'Directory', 'Directory', '2010-09-15 01:39:32'),
(181, 'en', 'directory', 'Add back to directory list', 'Add back to directory list', '2010-09-15 01:42:58'),
(182, 'en', 'directory', 'Directory Submission Reports', 'Directory Submission Reports', '2010-09-15 01:43:47'),
(183, 'en', 'directory', 'Confirmation', 'Confirmation', '2010-09-15 01:48:25'),
(184, 'en', 'directory', 'Pending', 'Pending', '2010-09-15 01:49:14'),
(185, 'en', 'directory', 'Approved', 'Approved', '2010-09-15 01:49:14'),
(247, 'en', 'proxy', 'Proxy Username', 'Proxy Username', '2010-09-17 01:26:36'),
(187, 'en', 'common', 'No', 'No', '2010-09-15 01:52:29'),
(188, 'en', 'common', 'Yes', 'Yes', '2010-09-15 01:52:29'),
(189, 'en', 'directory', 'Check Directory Submission Status', 'Check Directory Submission Status', '2010-09-15 01:53:21'),
(190, 'en', 'directory', 'selectwebsiteschecksub', 'Select a <b>Website</b> to <b>Proceed</b> check directory submission.', '2010-09-15 01:56:22'),
(191, 'en', 'panel', 'Website Manager', 'Website Manager', '2010-09-15 02:14:20'),
(192, 'en', 'panel', 'User Manager', 'User Manager', '2010-09-15 02:14:20'),
(193, 'en', 'panel', 'Reports Manager', 'Reports Manager', '2010-09-15 02:14:37'),
(194, 'en', 'panel', 'Seo Tools Manager', 'Seo Tools Manager', '2010-09-15 02:14:37'),
(195, 'en', 'panel', 'Seo Plugins Manager', 'Seo Plugins Manager', '2010-09-15 02:14:56'),
(196, 'en', 'panel', 'Directory Manager', 'Directory Manager', '2010-09-15 02:14:56'),
(197, 'en', 'panel', 'Proxy Manager', 'Proxy Manager', '2010-09-15 02:15:14'),
(198, 'en', 'panel', 'System Settings', 'System Settings', '2010-09-15 02:15:14'),
(199, 'en', 'panel', 'My Profile', 'My Profile', '2010-09-15 02:15:25'),
(200, 'en', 'panel', 'New Website', 'New Website', '2010-09-15 02:24:04'),
(201, 'en', 'panel', 'New User', 'New User', '2010-09-15 02:24:04'),
(202, 'en', 'panel', 'Report Generation Manager', 'Report Generation Manager', '2010-09-15 02:25:41'),
(203, 'en', 'panel', 'New Proxy', 'New Proxy', '2010-09-15 02:25:51'),
(204, 'en', 'panel', 'Check Directory', 'Check Directory', '2010-09-15 02:26:31'),
(205, 'en', 'panel', 'Edit My Profile', 'Edit My Profile', '2010-09-15 02:26:53'),
(206, 'de', 'common', 'Select', 'Wählen', '2010-09-29 19:26:36'),
(207, 'en', 'common', 'User', 'User', '2010-09-15 23:04:19'),
(208, 'en', 'button', 'Cancel', 'Cancel', '2010-09-15 23:19:25'),
(209, 'en', 'button', 'Proceed', 'Proceed', '2010-09-15 23:19:25'),
(210, 'en', 'website', 'plscrtwebsite', 'Please create a website before start to using seo tools and seo plugins.', '2010-09-15 23:29:11'),
(211, 'en', 'website', 'yourwebalreday', 'your website if you have already created one.', '2010-09-15 23:34:08'),
(216, 'en', 'website', 'Website already exist', 'Website already exist', '2010-09-16 00:15:40'),
(213, 'en', 'label', 'Title', 'Title', '2010-09-15 23:43:26'),
(214, 'en', 'label', 'Description', 'Description', '2010-09-15 23:43:50'),
(215, 'en', 'label', 'Keywords', 'Keywords', '2010-09-15 23:43:50'),
(217, 'en', 'website', 'Edit Website', 'Edit Website', '2010-09-16 00:18:48'),
(218, 'en', 'user', 'Edit User', 'Edit User', '2010-09-16 00:40:32'),
(219, 'en', 'keyword', 'pleaseselecttool', 'Please select atleast one Seo Tools', '2010-09-16 01:41:49'),
(230, 'en', 'label', 'Upgrade', 'Upgrade', '2010-09-16 02:18:29'),
(229, 'en', 'label', 'Installation', 'Installation', '2010-09-16 02:15:16'),
(227, 'en', 'label', 'Plugin', 'Plugin', '2010-09-16 02:13:44'),
(228, 'en', 'label', 'Author', 'Author', '2010-09-16 02:14:09'),
(225, 'en', 'label', 'Cron', 'Cron', '2010-09-16 02:05:44'),
(226, 'en', 'seotools', 'User Access', 'User Access', '2010-09-16 02:06:49'),
(231, 'en', 'label', 'Re-install', 'Re-install', '2010-09-16 02:18:29'),
(232, 'en', 'plugin', 'Edit Seo Plugin', 'Edit Seo Plugin', '2010-09-16 02:19:06'),
(233, 'en', 'plugin', 'Plugin Name', 'Plugin Name', '2010-09-16 02:20:15'),
(234, 'en', 'plugin', 'Seo Plugin Details', 'Seo Plugin Details', '2010-09-16 02:26:18'),
(235, 'en', 'label', 'Version', 'Version', '2010-09-16 02:26:52'),
(237, 'en', 'directory', 'Captcha', 'Captcha', '2010-09-16 02:36:37'),
(238, 'en', 'button', 'Show Records', 'Show Records', '2010-09-16 02:38:21'),
(239, 'de', 'common', 'Yes', 'Ja', '2010-09-29 19:26:36'),
(240, 'de', 'common', 'No', 'Nein', '2010-09-29 19:26:36'),
(241, 'en', 'directory', 'Check Directory Status', 'Check Directory Status', '2010-09-16 02:51:36'),
(242, 'en', 'directory', 'clicktoproceeddirsts', 'Click on <b>Proceed</b> to Check Directory Status.', '2010-09-16 02:54:05'),
(243, 'en', 'label', 'Proxy', 'Proxy', '2010-09-17 00:51:18'),
(244, 'en', 'label', 'Port', 'Port', '2010-09-17 00:51:18'),
(245, 'en', 'label', 'Authentication', 'Authentication', '2010-09-17 00:51:41'),
(246, 'en', 'button', 'Check Status', 'Check Status', '2010-09-17 00:53:35'),
(248, 'en', 'proxy', 'Proxy Password', 'Proxy Password', '2010-09-17 01:26:36'),
(249, 'en', 'proxy', 'Proxyalreadyexist', 'Proxy already exist!', '2010-09-17 01:30:31'),
(250, 'en', 'proxy', 'Edit Proxy', 'Edit Proxy', '2010-09-17 01:41:24'),
(251, 'en', 'settings', 'SP_TITLE', 'Seo Panel Title', '2010-09-17 01:43:41'),
(252, 'en', 'settings', 'SP_DESCRIPTION', 'Seo Panel Description', '2010-09-17 01:43:41'),
(253, 'en', 'settings', 'SP_KEYWORDS', 'Seo Panel Keywords', '2010-09-17 01:44:15'),
(254, 'en', 'settings', 'SP_PAGINGNO', 'Number of entries per page', '2010-09-17 01:44:15'),
(255, 'en', 'settings', 'SP_CRAWL_DELAY', 'Delay between each spider crawl(seconds)', '2010-09-17 01:44:50'),
(256, 'en', 'settings', 'SP_USER_GEN_REPORT', 'Allow user to generate reports', '2010-09-17 01:44:50'),
(257, 'en', 'settings', 'SP_HOTLINKING', 'Image hotlink protection enabled', '2010-09-17 01:45:22'),
(258, 'en', 'settings', 'SP_USER_REGISTRATION', 'User registration interface', '2010-09-17 01:45:22'),
(259, 'en', 'settings', 'SP_ENABLE_PROXY', 'Enable Proxy', '2010-09-17 01:45:39'),
(260, 'en', 'settings', 'syssettingssaved', 'System settings saved successfully!', '2010-09-17 01:49:53'),
(261, 'en', 'user', 'Saved My Profile Details', 'Saved My Profile Details', '2010-09-17 02:36:33'),
(262, 'en', 'button', 'Show Details', 'Show Details', '2010-09-17 03:22:10'),
(263, 'en', 'button', 'Skip', 'Skip', '2010-09-17 03:25:35'),
(264, 'en', 'button', 'Submit', 'Submit', '2010-09-17 03:25:35'),
(265, 'en', 'button', 'Reload', 'Reload', '2010-09-17 03:25:50'),
(266, 'en', 'label', 'wantproceed', 'Do you really want to proceed?', '2010-09-17 23:53:29'),
(267, 'de', 'label', 'wantproceed', 'Wollen Sie wirklich fortfahren?', '2010-09-29 19:54:00'),
(268, 'en', 'label', 'translation by', 'translation by', '2010-09-18 00:29:51'),
(269, 'en', 'label', 'Download', 'Download', '2010-09-18 00:36:36'),
(270, 'en', 'label', 'noactiveplugins', 'No Active Seo Plugins Found!', '2010-09-18 02:52:57'),
(271, 'de', 'backlink', 'clickproceedbacklink', '<b>Pro Zeile</b> eine URL angeben. Auf <b>Starten</b> klicken um Backlinks zu pruefen.', '2010-09-29 19:19:47'),
(272, 'de', 'backlink', 'Saved backlink results of', 'Gespeicherte Ergebnisse der Backlink', '2010-09-29 19:19:47'),
(273, 'es', 'backlink', 'clickproceedbacklink', 'Introduzca los URL <b>Uno por línea</b>. Hacer clic en <b>Proceed</b> para comprobar vínculos de retroceso.', '2010-09-23 02:03:00'),
(274, 'es', 'backlink', 'Saved backlink results of', 'Guardado resultados de vínculo de retroceso.', '2010-09-23 02:03:00'),
(275, 'fr', 'backlink', 'clickproceedbacklink', 'Indiquer <b>une URL par ligne</b>. Cliquer sur <b>Valider</b> pour vérifier les liens entrants.', '2010-09-27 03:14:29'),
(276, 'fr', 'backlink', 'Saved backlink results of', 'Résultats enregistrés des liens entrants de ', '2010-09-27 03:14:29'),
(277, 'fr', 'website', 'Edit Website', 'Editer le site web', '2010-09-22 12:16:10'),
(278, 'fr', 'website', 'plscrtwebsite', 'Merci de créer un site web avant d\\''utiliser les outils et plugins seo.', '2010-09-22 12:16:10'),
(279, 'fr', 'website', 'Website already exist', 'Le site web existe déjà.', '2010-09-22 12:16:10'),
(280, 'fr', 'website', 'yourwebalreday', 'votre site web si vous en avez déjà créé un.', '2010-09-22 12:16:10'),
(281, 'es', 'button', 'Cancel', 'Cancelar', '2010-09-22 12:34:47'),
(282, 'es', 'button', 'Check Status', 'Comprobar estado', '2010-09-22 12:34:47'),
(283, 'es', 'button', 'Proceed', 'Proceder', '2010-09-22 12:34:47'),
(284, 'es', 'button', 'Reload', 'Reload', '2010-09-22 12:34:47'),
(285, 'es', 'button', 'Show Details', 'Mostrar detalles', '2010-09-22 12:34:47'),
(286, 'es', 'button', 'Show Records', 'Mostrar registros', '2010-09-22 12:34:47'),
(287, 'es', 'button', 'Skip', 'Omitir', '2010-09-22 12:34:47'),
(288, 'es', 'button', 'Submit', 'Presentar', '2010-09-22 12:34:47'),
(289, 'es', 'common', 'Action', 'Acción', '2010-09-28 23:11:23'),
(290, 'es', 'common', 'Activate', 'Activate', '2010-09-28 23:11:23'),
(291, 'es', 'common', 'Active', 'Activo', '2010-09-28 23:11:23'),
(292, 'es', 'common', 'Admin Panel', 'Admin Panel', '2010-09-28 23:11:23'),
(293, 'es', 'common', 'Alexa Rank', 'Alexa Rango', '2010-09-28 23:11:23'),
(294, 'es', 'common', 'All', 'Todos', '2010-09-28 23:11:23'),
(295, 'es', 'common', 'Category', 'Categoría', '2010-09-28 23:11:23'),
(296, 'es', 'common', 'contact', 'Contacto', '2010-09-28 23:11:23'),
(297, 'es', 'common', 'copyright', 'Derechos de autor © [year] www.seopanel.in Reservados todos los derechos', '2010-09-28 23:11:23'),
(298, 'es', 'common', 'Country', 'País', '2010-09-28 23:11:23'),
(299, 'es', 'common', 'Crawl Meta Data', 'Rastrear Meta Data', '2010-09-28 23:11:23'),
(300, 'es', 'common', 'Date', 'Fecha', '2010-09-28 23:11:23'),
(301, 'es', 'common', 'Delete', 'Borrar', '2010-09-28 23:11:23'),
(302, 'es', 'common', 'Details', 'Detalles', '2010-09-28 23:11:23'),
(303, 'es', 'common', 'Directory', 'Directorio', '2010-09-28 23:11:23'),
(304, 'es', 'common', 'Donate', 'Donar', '2010-09-28 23:11:23'),
(305, 'es', 'common', 'Edit', 'Editar', '2010-09-28 23:11:23'),
(306, 'es', 'common', 'Entry cannot be blank', 'De entrada no puede estar en blanco', '2010-09-28 23:11:23'),
(307, 'es', 'common', 'entrynotvalid', 'La entrada introducido no parecen ser válidos', '2010-09-28 23:11:23'),
(308, 'es', 'common', 'failed', 'fracasado', '2010-09-28 23:11:23'),
(309, 'es', 'common', 'forum', 'Foro', '2010-09-28 23:11:23'),
(310, 'es', 'common', 'Found', 'Found', '2010-09-28 23:11:23'),
(311, 'es', 'common', 'Google Pagerank', 'Google Pagerank', '2010-09-28 23:11:23'),
(312, 'es', 'common', 'help', 'Ayuda', '2010-09-28 23:11:23'),
(313, 'es', 'common', 'hidenews', 'Seo Ocultar Panel de Noticias', '2010-09-28 23:11:23'),
(314, 'es', 'common', 'Id', 'Id', '2010-09-28 23:11:23'),
(315, 'es', 'common', 'Inactivate', 'Inactivar', '2010-09-28 23:11:23'),
(316, 'es', 'common', 'Inactive', 'Inactivo', '2010-09-28 23:11:23'),
(317, 'es', 'common', 'Invalid characters', 'Caracteres no válidos', '2010-09-28 23:11:23'),
(318, 'es', 'common', 'Invalid code entered', 'el código es incorrecto', '2010-09-28 23:11:23'),
(319, 'es', 'common', 'Invalid email address entered', 'dirección de correo electrónico no válida entró', '2010-09-28 23:11:23'),
(320, 'es', 'common', 'Invalid value', 'Valor no válido', '2010-09-28 23:11:23'),
(321, 'es', 'common', 'Keyword', 'Palabra clave', '2010-09-28 23:11:23'),
(322, 'es', 'common', 'lang', 'Idioma', '2010-09-28 23:11:23'),
(323, 'es', 'common', 'My Account', 'Mi Cuenta', '2010-09-28 23:11:23'),
(324, 'es', 'common', 'Name', 'Nombre', '2010-09-28 23:11:23'),
(325, 'es', 'common', 'No', 'No', '2010-09-28 23:11:23'),
(326, 'es', 'common', 'No Keywords Found', 'No hay palabras clave encontradas', '2010-09-28 23:11:23'),
(327, 'es', 'common', 'No Records Found', 'No se encontraron registros', '2010-09-28 23:11:23'),
(328, 'es', 'common', 'noactivetools', 'Activo Seo Tools no fueron encontrados!', '2010-09-28 23:11:23'),
(329, 'es', 'common', 'nowebsites', 'No hay websitios encontrados.', '2010-09-28 23:11:23'),
(330, 'es', 'common', 'password632', 'La cadena de la contraseña debe tener una longitud de entre 6 y 32', '2010-09-28 23:11:23'),
(331, 'es', 'common', 'passwordnotmatch', 'Las contraseñas no coinciden', '2010-09-28 23:11:23'),
(332, 'es', 'common', 'Period', 'Período', '2010-09-28 23:11:23'),
(333, 'es', 'common', 'Priority', 'Prioridad', '2010-09-28 23:11:23'),
(334, 'es', 'common', 'Rank', 'Rango', '2010-09-28 23:11:23'),
(335, 'es', 'common', 'Reports', 'Informes', '2010-09-28 23:11:23'),
(336, 'es', 'common', 'Results', 'Resultados', '2010-09-28 23:11:23'),
(337, 'es', 'common', 'Search Engine', 'Motor de búsqueda', '2010-09-28 23:11:23'),
(338, 'es', 'common', 'Select', 'Seleccionar', '2010-09-28 23:11:23'),
(339, 'es', 'common', 'Seo Plugins', 'Seo Plugins', '2010-09-28 23:11:23'),
(340, 'es', 'common', 'Seo Tools', 'Herramientas Seo', '2010-09-28 23:11:23'),
(341, 'es', 'common', 'Sign out', 'Salir', '2010-09-28 23:11:23'),
(342, 'es', 'common', 'Sign Up', 'Regístrate', '2010-09-28 23:11:23'),
(343, 'es', 'common', 'signin', 'Registrarse', '2010-09-28 23:11:23'),
(344, 'es', 'common', 'Status', 'Estado', '2010-09-28 23:11:23'),
(345, 'es', 'common', 'Support', 'Apoyo', '2010-09-28 23:11:23'),
(346, 'es', 'common', 'Total', 'Total', '2010-09-28 23:11:23'),
(347, 'es', 'common', 'Url', 'Url', '2010-09-28 23:11:23'),
(348, 'es', 'common', 'User', 'Usuario', '2010-09-28 23:11:23'),
(349, 'es', 'common', 'User Panel', 'Panel de usuario', '2010-09-28 23:11:23'),
(350, 'es', 'common', 'Website', 'Sitio web', '2010-09-28 23:11:23'),
(351, 'es', 'common', 'Yes', 'Sí', '2010-09-28 23:11:23'),
(352, 'es', 'directory', 'Add back to directory list', 'Añadir de nuevo a la lista de directorios', '2010-09-23 01:54:13'),
(353, 'es', 'directory', 'Approved', 'Aprobado', '2010-09-23 01:54:13'),
(354, 'es', 'directory', 'Captcha', 'Codigo anti-Spam', '2010-09-23 01:54:13'),
(355, 'es', 'directory', 'categorynote', 'Categorías, separarlos con comas según la prioridad. Comience con categoría de máxima prioridad.', '2010-09-23 01:54:13'),
(356, 'es', 'directory', 'Check Directory Status', 'Comprobar el estado del repertorio', '2010-09-23 01:54:13'),
(357, 'es', 'directory', 'Check Directory Submission Status', 'Comprobar el estado de la sumisión del directorio', '2010-09-23 01:54:13'),
(358, 'es', 'directory', 'clicktoproceeddirsts', 'Hacer clic en <b>Proceder</b> para comprobar el estado del repertorio.', '2010-09-23 01:54:13'),
(359, 'es', 'directory', 'Confirmation', 'Confirmación', '2010-09-23 01:54:13'),
(360, 'es', 'directory', 'desnote', 'Algunos directorios requieren como mínimo 150 caracteres para el campo de descripción.', '2010-09-23 01:54:13'),
(361, 'es', 'directory', 'Directories with out captcha', 'Directorios con captcha a cabo', '2010-09-23 01:54:13'),
(362, 'es', 'directory', 'Directory Submission Reports', 'Directorio Informes Presentación', '2010-09-23 01:54:13'),
(363, 'es', 'directory', 'Enter the code shown', 'Introduzca el código que se muestra', '2010-09-23 01:54:13'),
(364, 'es', 'directory', 'nocatnote', 'La categoría de presentación no se encuentra en página de envío.Por favor, haga clic en <b>Recargar</b> o <b>Omitir</b>', '2010-09-23 01:54:13'),
(365, 'es', 'directory', 'nodirnote', 'Ningunos <b>Activo</b> directorios Encontrado', '2010-09-23 01:54:13'),
(366, 'es', 'directory', 'nosuccessnote', '¿No conocer el mensaje de éxito, por favor revise su correo para encontrar el mensaje de confirmación.', '2010-09-23 01:54:13'),
(367, 'es', 'directory', 'optionalnote', 'Títulos opcionales y descripciones de presentar el título y la descripción al azar a los directorios para obtener mejores resultados.', '2010-09-23 01:54:13'),
(368, 'es', 'directory', 'Owner Email', 'Propietario Correo electrónico', '2010-09-23 01:54:13'),
(369, 'es', 'directory', 'Owner Name', 'Nombre del propietario', '2010-09-23 01:54:13'),
(370, 'es', 'directory', 'Pending', 'Pendiente', '2010-09-23 01:54:13'),
(371, 'es', 'directory', 'Please select a website to proceed', 'Por favor, seleccione un sitio web para proceder', '2010-09-23 01:54:13'),
(372, 'es', 'directory', 'selectwebsiteproceed', 'Seleccione uno <b>Sitio web</b> por <b>Proceder</b> la sumisión del directorio.<br>Seleccionar <b>Directorios sin\r\ncaptcha</b> a presentar a los directorios sin captcha', '2010-09-23 01:54:13'),
(373, 'es', 'directory', 'selectwebsiteschecksub', 'Seleccione una <b>Sitio web</b> por <b>Proceder</b> seleccionar la sumisión del directorio.', '2010-09-23 01:54:13'),
(374, 'es', 'directory', 'Semi Automatic Directory Submission Tool', 'Semiautomática herramienta de sumisión en los directorios.', '2010-09-23 01:54:13'),
(375, 'es', 'directory', 'spamemailnote', 'Algunos directorios se pueden enviar spam, no recomendamos el uso de su dirección de correo electrónico principal.', '2010-09-23 01:54:13'),
(376, 'es', 'directory', 'Submission Details', 'Presentación Detalles', '2010-09-23 01:54:13'),
(377, 'es', 'directory', 'Submit Description', 'Presentar Descripción', '2010-09-23 01:54:13'),
(378, 'es', 'directory', 'Submit Keywords', 'Presentar Palabras clave', '2010-09-23 01:54:13'),
(379, 'es', 'directory', 'Submit Title', 'Presentar el título', '2010-09-23 01:54:13'),
(380, 'es', 'directory', 'Website Category', 'Categoría del sitio web', '2010-09-23 01:54:13'),
(381, 'es', 'directory', 'Website Url', 'URL del sitio web', '2010-09-23 01:54:13'),
(382, 'fr', 'user', 'Edit User', 'Editer le profil', '2010-09-22 13:53:41'),
(383, 'fr', 'user', 'Saved My Profile Details', 'Sauvegarder mon profil', '2010-09-22 13:53:41'),
(384, 'fr', 'sitemap', 'Change frequency', 'Modifier la fréquence', '2010-09-22 13:57:17'),
(385, 'fr', 'sitemap', 'clickproceedsitemap', 'Cliquer sur <b>Valider</b> pour créer le fichier sitemap', '2010-09-22 13:57:17'),
(386, 'fr', 'sitemap', 'Download sitemap file from', 'Télécharger le fichier sitemap depuis', '2010-09-22 13:57:17'),
(387, 'fr', 'sitemap', 'Exclude Url', 'Exclure l\\''URL', '2010-09-22 13:57:17'),
(388, 'fr', 'sitemap', 'processtaketime', 'Le temps de traitement dépends du nombre de liens sur votre site. Merci de patienter pendant la génération du sitemap.', '2010-09-22 13:57:17'),
(389, 'fr', 'sitemap', 'Sitemap Type', 'Type de sitemap', '2010-09-22 13:57:17'),
(390, 'fr', 'login', 'Confirm Password', 'Confirmer le mot de passe', '2010-09-22 14:00:00'),
(391, 'fr', 'login', 'Create my account', 'Créer mon compte', '2010-09-22 14:00:00'),
(392, 'fr', 'login', 'Create New Account', 'Créer un nouveau compte', '2010-09-22 14:00:00'),
(393, 'fr', 'login', 'Email', 'Email', '2010-09-22 14:00:00'),
(394, 'fr', 'login', 'emailexist', 'L\\''adresse mail existe déjà !', '2010-09-22 14:00:00'),
(395, 'fr', 'login', 'Enter the code as it is shown', 'Veuillez saisir le code qui apparait', '2010-09-22 14:00:00'),
(396, 'fr', 'login', 'First Name', 'Prénom', '2010-09-22 14:00:00'),
(397, 'fr', 'login', 'Last Name', 'Nom', '2010-09-22 14:00:00'),
(398, 'fr', 'login', 'Login', 'Identifiant', '2010-09-22 14:00:00'),
(399, 'fr', 'login', 'Login incorrect', 'Identifiant incorrect', '2010-09-22 14:00:00'),
(400, 'fr', 'login', 'newaccountsuccess', 'Le nouveau compte a bien été créé !', '2010-09-22 14:00:00'),
(401, 'fr', 'login', 'Password', 'Mot de passe', '2010-09-22 14:00:00'),
(402, 'fr', 'login', 'Password incorrect', 'Mot de passe incorrect', '2010-09-22 14:00:00'),
(403, 'fr', 'login', 'Register', 'S\\''enregistrer', '2010-09-22 14:00:00'),
(404, 'fr', 'login', 'Sign in to your account', 'Connectez-vous', '2010-09-22 14:00:00'),
(405, 'fr', 'login', 'User inactive', 'Utilisateur inactif', '2010-09-22 14:00:00'),
(406, 'fr', 'login', 'Username', 'Nom d\\''utilisateur', '2010-09-22 14:00:00'),
(407, 'fr', 'login', 'usernameexist', 'Le nom d\\''utilisateur existe déjà !', '2010-09-22 14:00:00'),
(408, 'fr', 'label', 'Authentication', 'Authentification', '2010-09-27 02:18:01'),
(409, 'fr', 'label', 'Author', 'Auteur', '2010-09-27 02:18:01'),
(410, 'fr', 'label', 'Cron', 'CRON', '2010-09-27 02:18:01'),
(411, 'fr', 'label', 'Description', 'Description', '2010-09-27 02:18:01'),
(412, 'fr', 'label', 'Download', 'Téléchargement', '2010-09-27 02:18:01'),
(413, 'fr', 'label', 'Installation', 'Installation', '2010-09-27 02:18:01'),
(414, 'fr', 'label', 'Keywords', 'Mots clés', '2010-09-27 02:18:01'),
(415, 'fr', 'label', 'noactiveplugins', 'Aucun plugin SEO actif !', '2010-09-27 02:18:01'),
(416, 'fr', 'label', 'Plugin', 'Plugin', '2010-09-27 02:18:01'),
(417, 'fr', 'label', 'Port', 'Port', '2010-09-27 02:18:01'),
(418, 'fr', 'label', 'Proxy', 'Proxy', '2010-09-27 02:18:01'),
(419, 'fr', 'label', 'Re-install', 'Réinstaller', '2010-09-27 02:18:01'),
(420, 'fr', 'label', 'Title', 'Titre', '2010-09-27 02:18:01'),
(421, 'fr', 'label', 'translation by', 'Traduit par', '2010-09-27 02:18:01'),
(422, 'fr', 'label', 'Upgrade', 'Mise à jour', '2010-09-27 02:18:01'),
(423, 'fr', 'label', 'Version', 'Version', '2010-09-27 02:18:01'),
(424, 'fr', 'label', 'wantproceed', 'Voulez-vous vraiment poursuivre ?', '2010-09-27 02:18:01'),
(425, 'fr', 'button', 'Cancel', 'Annuler', '2010-09-22 14:02:47'),
(426, 'fr', 'button', 'Check Status', 'Vérifier', '2010-09-22 14:02:47'),
(427, 'fr', 'button', 'Proceed', 'Valider', '2010-09-22 14:02:47'),
(428, 'fr', 'button', 'Reload', 'Recharger', '2010-09-22 14:02:47'),
(429, 'fr', 'button', 'Show Details', 'Afficher les détails', '2010-09-22 14:02:47'),
(430, 'fr', 'button', 'Show Records', 'Afficher les enregistrements', '2010-09-22 14:02:47'),
(431, 'fr', 'button', 'Skip', 'Passer', '2010-09-22 14:02:47'),
(432, 'fr', 'button', 'Submit', 'Valider', '2010-09-22 14:02:47'),
(433, 'es', 'keyword', 'Crawling keyword', 'Rastreo de palabras clave', '2010-09-28 23:12:32'),
(434, 'es', 'keyword', 'Detailed Keyword Position Reports', 'Informes detallados de posición de palabras clave', '2010-09-28 23:12:32'),
(435, 'es', 'keyword', 'Edit Keyword', 'Editar palabra clave', '2010-09-28 23:12:32'),
(436, 'es', 'keyword', 'Graphical Keyword Position Reports', 'Palabra clave gráfica informes de posición', '2010-09-28 23:12:32'),
(437, 'es', 'keyword', 'Keyword already exist', 'Palabra clave ya existen', '2010-09-28 23:12:32'),
(438, 'es', 'keyword', 'Keyword Position Report', 'Palabra clave informe de posición', '2010-09-28 23:12:32'),
(439, 'es', 'keyword', 'New Keyword', 'Nueva búsqueda', '2010-09-28 23:12:32'),
(440, 'es', 'keyword', 'not assigned to required search engines', 'no asignados a los motores de búsqueda requiere', '2010-09-28 23:12:32'),
(441, 'es', 'keyword', 'pleaseselecttool', 'Por favor, seleccione al menos un Seo Herramientas', '2010-09-28 23:12:32'),
(442, 'es', 'keyword', 'Quick Keyword Position Checker', 'Palabra clave Rápida Posición Checker', '2010-09-28 23:12:32'),
(443, 'es', 'keyword', 'results from ', 'los resultados de', '2010-09-28 23:12:32'),
(444, 'es', 'keyword', 'Show All results', 'Mostrar todos los resultados', '2010-09-28 23:12:32'),
(445, 'es', 'keyword', 'Successfully crawled keyword', 'Rastreado correctamente la palabra clave', '2010-09-28 23:12:32'),
(446, 'es', 'label', 'Authentication', 'Autenticación', '2010-09-28 23:13:50'),
(447, 'es', 'label', 'Author', 'Autor', '2010-09-28 23:13:50'),
(448, 'es', 'label', 'Cron', 'Cron', '2010-09-28 23:13:50'),
(449, 'es', 'label', 'Description', 'Descripción', '2010-09-28 23:13:50'),
(450, 'es', 'label', 'Download', 'Descargar', '2010-09-28 23:13:50'),
(451, 'es', 'label', 'Installation', 'Instalación', '2010-09-28 23:13:50'),
(452, 'es', 'label', 'Keywords', 'Palabras claves', '2010-09-28 23:13:50'),
(453, 'es', 'label', 'noactiveplugins', 'No plugins Seo activo que se encuentra!', '2010-09-28 23:13:50'),
(454, 'es', 'label', 'Plugin', 'Plugin', '2010-09-28 23:13:50');
INSERT INTO `texts` (`id`, `lang_code`, `category`, `label`, `content`, `changed`) VALUES
(455, 'es', 'label', 'Port', 'Port', '2010-09-28 23:13:50'),
(456, 'es', 'label', 'Proxy', 'Proxy', '2010-09-28 23:13:50'),
(457, 'es', 'label', 'Re-install', 'Vuelva a instalar', '2010-09-28 23:13:50'),
(458, 'es', 'label', 'Title', 'Título', '2010-09-28 23:13:50'),
(459, 'es', 'label', 'translation by', 'traducción', '2010-09-28 23:13:50'),
(460, 'es', 'label', 'Upgrade', 'Mejorar', '2010-09-28 23:13:50'),
(461, 'es', 'label', 'Version', 'Versión', '2010-09-28 23:13:50'),
(462, 'es', 'label', 'wantproceed', '¿Realmente deseas continuar?', '2010-09-28 23:13:50'),
(463, 'es', 'website', 'Edit Website', 'Editar página web', '2010-09-22 14:43:56'),
(464, 'es', 'website', 'plscrtwebsite', 'Por favor, cree un sitio web antes de comenzar a usar herramientas y plugins seo seo.', '2010-09-22 14:43:56'),
(465, 'es', 'website', 'Website already exist', 'Sitio web que ya existen', '2010-09-22 14:43:56'),
(466, 'es', 'website', 'yourwebalreday', 'su sitio web si ya ha creado una.', '2010-09-22 14:43:56'),
(467, 'es', 'user', 'Edit User', 'Editar usuario', '2010-09-22 14:44:14'),
(468, 'es', 'user', 'Saved My Profile Details', 'Guardado Datos de mi perfil', '2010-09-22 14:44:14'),
(469, 'es', 'sitemap', 'Change frequency', 'Cambio de frecuencia', '2010-09-23 01:56:03'),
(470, 'es', 'sitemap', 'clickproceedsitemap', 'Haga clic en <b> Continuar </b> para crear el archivo de mapa de sitio', '2010-09-23 01:56:03'),
(471, 'es', 'sitemap', 'Download sitemap file from', 'Descargar archivo del mapa del sitio de', '2010-09-23 01:56:03'),
(472, 'es', 'sitemap', 'Exclude Url', 'Excluir Url', '2010-09-23 01:56:03'),
(473, 'es', 'sitemap', 'processtaketime', 'Este proceso llevará su tiempo según el número de enlaces en su sitio. Por favor, espere conseguir Mapa del sitio\r\narchivos', '2010-09-23 01:56:03'),
(474, 'es', 'sitemap', 'Sitemap Type', 'Mapa del sitio Tipo', '2010-09-23 01:56:03'),
(475, 'es', 'saturation', 'clickproceedsaturation', 'Ingrese URL <b> Uno por línea </b>. Haga clic en <b> Continuar </b> para comprobar los resultados de motores de búsqueda Saturación', '2010-09-23 01:55:11'),
(476, 'es', 'saturation', 'GenerateSaturationReports', 'Generar informes de saturación del Search Engine', '2010-09-23 01:55:11'),
(477, 'es', 'saturation', 'Quick Search Engine Saturation Checker', 'Motor de Búsqueda rápida saturación Checker', '2010-09-23 01:55:11'),
(478, 'es', 'saturation', 'Saved Search Engine Saturation results of', 'Motor de búsqueda Guardada Saturación resultados de', '2010-09-23 01:55:11'),
(479, 'es', 'saturation', 'Search Engine Saturation Reports', 'Saturación del motor de búsqueda Informes', '2010-09-23 01:55:11'),
(480, 'es', 'rank', 'enterurlproceed', 'Ingrese URL <b> Uno por línea </b>. Haga clic en <b> Continuar </b> para comprobar Google y Alexa rango.', '2010-09-23 01:57:35'),
(481, 'es', 'rank', 'Google and Alexa Rank Reports', 'Google y Alexa Rank Informes', '2010-09-23 01:57:35'),
(482, 'es', 'rank', 'Saved rank results of', 'Guardado rango de resultados', '2010-09-23 01:57:35'),
(483, 'es', 'plugin', 'Edit Seo Plugin', 'Editar Seo Plugin', '2010-09-22 14:48:08'),
(484, 'es', 'plugin', 'Plugin Name', 'Plugin Nombre', '2010-09-22 14:48:08'),
(485, 'es', 'plugin', 'Seo Plugin Details', 'Seo Plugin Detalles ', '2010-09-22 14:48:08'),
(486, 'es', 'home', 'Account Summary', 'Resumen de la cuenta', '2010-09-23 02:09:08'),
(487, 'es', 'home', 'Backlinks', 'Vínculos de retroceso', '2010-09-23 02:09:08'),
(488, 'es', 'home', 'Directory Submission', 'Directorio de presentación', '2010-09-23 02:09:08'),
(489, 'es', 'home', 'home_cont1', '<h1 style=\\"text-align: center;margin-bottom: 30px;font-size: 19px;\\">Bienvenido a Seo Panel - Mundial\r\nprimero seo panel de control para varios sitios Web</h1>\r\n        <p>\r\n            Un completo <b>open source seo panel de control</b> para la gestión de <b>optimización del buscadores</b> de\r\nsus sitios web.\r\n            Seo Panel es una <b>seo kit de herramientas</b> incluye las últimas herramientas seo caliente <b>aumentar y hacer un seguimiento</b> el\r\n<b> Rendimiento </b> de sus sitios web.\r\n            Se trata de un <b>free software</b> publicado bajo <b>GNU GENERAL PUBLIC LICENSE</b>.\r\n            La característica principal de seo panel es su <b>posibilidad de ampliación</b> mediante el uso de<a href=\\"<?=SP_PLUGINSITE?>\\"\r\ntarget=\\"_blank\\">seo plugins</a>.\r\n            Cualquiera puede fácilmente <b>desarrollar e instalar</b> plugins necesarios para su panel de seo. \r\n        </p>\r\n        <p></p>\r\n        <p>Este software de código abierto <b>fue lanzado en enero de 2010</b>\r\n          \r\n           Dentro de este <b>corto período</b> de tiempo <b>miles</b> de <b>web masters</b> está usando este\r\nsoftware para<b>la optimización de</b> sus sitios web.\r\n            Utilice el panel seo hoy mismo y <b>disfrutar</b> todo lo relacionado con SEO en virtud de un <b>solo\r\nplataforma</b>.\r\n        </p>', '2010-09-23 02:09:08'),
(490, 'es', 'home', 'home_cont2', '<fieldset>\r\n<legend>Características principales de Seo Panel <?=SP_INSTALLED?></legend>\r\n<ul class=\\"infobox\\">\r\n    <li>        \r\n        <h1>Directorio automática sumisión herramienta</h1>\r\n        <p>\r\n            Directorio automática sumisión herramienta nos ayudará a<b>añadir nuestros sitios</b>en los principales <b>gratuitos y de pago directorios del Internet</b>.\r\n            También puede <b>el seguimiento del estado</b> envio a través de cada <b>verificación periódica</b> mediante el uso de\r\nsumisión <b>estado de script verificador</b>.\r\n            <b>Directorio manager</b> nos ayudará a averiguar si <b>el directorio está activo</b> o no.\r\n        </p>\r\n    </li>\r\n    <li>        \r\n        <h1>Palabra clave Posición Verificador</h1>\r\n        <p>\r\n           Palabra clave Posición Verificador se encuentra el <b>posición del motor de búsqueda</b> de <b>palabras clave orientadas</b>\r\nde su sitio web y <b>almacena</b> en el sistema.\r\n           En la sección de palabras clave los informes de posición, podemos ver el <b>posiciones diarias</b> de palabras clave en\r\ndiferentes motores de búsqueda por <b>gráficos hermosos</b> y <b>informes detallados</b>.\r\n        </p>\r\n    </li>\r\n    <li>        \r\n        <h1>Generador mapa de sitio</h1>\r\n        <p>Esto nos ayudará a crear <b>XML,HTML,TEXT</b> mapa del sitio archivos de nuestro sitio web para <b>sumision</b>\r\na los motores de búsqueda.</p>\r\n    </li>\r\n    <li>        \r\n        <h1>Google y Alexa Rank Verificador</h1>\r\n        <p>\r\n            Google y Alexa Rank Verificador se encuentra <b>google pagerank</b> y <b>alexa rank</b> de nuestros\r\nsitios web y <b>almacena</b> en el sistema.\r\n            En <b>rango de informes</b> sección, podemos ver el<b>diario</b> google and alexa rank of each website\r\npor <b>informes detallados</b>.\r\n        </p>\r\n    </li>\r\n    <li>        \r\n        <h1>Vínculos de retroceso Verificador</h1>\r\n        <p>\r\n            Vínculos de retroceso Verificador se encuentra <b>number of backlinks</b> de nuestros sitios web en busca diferentes\r\nmotores<b>(google,yahoo,msn etc)</b> y <b>almacena</b> en el sistema.\r\n            <br>En <b>informes backlink</b> sección, podemos ver el <b>backlinks diaria contar</b> de cada\r\nsitio web<b>informes detallados</b>.\r\n        </p>\r\n    </li>    \r\n    <li>        \r\n        <h1>Motor de búsqueda Saturación Verificador</h1>\r\n        <p>\r\n          Motor de búsqueda Saturación Verificador se encuentra <b>número de páginas indexadas</b> de nuestros sitios web en\r\ndiferentes motores de búsqueda<b>(google,yahoo,msn etc)</b> y <b>almacena</b> en el sistema.\r\n            En <b>Motor de búsqueda Saturación Verificador</b> seccion, podemos ver la <b>indexados al día la página\r\ncontar</b> de cada sitio web por <b>informes detallados</b>.\r\n        </p>\r\n    </li>\r\n    <li>        \r\n        <h1>Seo Panel Plugins</h1>\r\n        <p>\r\n            La <b>principal característica</b> de seo panel de control es su<b>extensibilidad</b>.\r\n            Añadir <b> plugins SEO </b> para su seo panel por <b>ampliar las funciones</b> de acuerdo a sus\r\nrequisito.\r\n            <a href=\\"<?=SP_PLUGINSITE?>\\" target=\\"_blank\\">Seo panel plugins</a> son proporcionados por el panel seo\r\ny sitios de terceros.\r\n            También puede fácilmente <b>desarrollar</b> plugins SEO para su panel de seo.\r\n            Usted puede <a href=\\"<?=SP_PLUGINSITE?>\\" target=\\"_blank\\">almacena</a> su plugin seo seo de panel y\r\nnos <b> publicará </b> en nuestro sitio web después de nuestra  <b>  proceso de revisar </b>\r\n        </p>\r\n    </li>\r\n    <li>        \r\n        <h1>Meta Tag Generador</h1>\r\n        <p>\r\n            Meta tag generador es un <b>seo panel plugin</b> para la creación de <b> etiquetas personalizadas meta </b> para nuestros\r\nsitio.\r\n          \r\nNos ayudará a dar <b>Más información </b> sobre el sitio a contra <b>los robots de los motores de búsqueda </b>\r\nmientras se arrastran nuestro sitio web.\r\n        </p>\r\n    </li>\r\n</ul>\r\n</fieldset>', '2010-09-23 02:09:08'),
(491, 'es', 'home', 'home_cont3', '<fieldset>\r\n<legend>Seo Panel Recursos en linea</legend>    \r\n<ul class=\\"infobox\\">\r\n\r\n    <li>\r\n        <h1>Seo Panel Recursos en linea de Referencia</h1>                \r\n        \r\n        \r\n        <p>\r\n            <a href=\\"http://www.seopanel.in\\" target=\\"_blank\\">Seo Panel Sitio Oficial</a>\r\n        </p>\r\n        <p>\r\n            <a href=\\"<?=SP_DOWNLOAD_LINK?>\\" target=\\"_blank\\">Descarga Seo Panel</a>\r\n        </p>\r\n        \r\n        <p>\r\n            <a href=\\"<?=SP_DEMO_LINK?>\\" target=\\"_blank\\">Seo Panel Demo</a>\r\n        </p>\r\n        \r\n        <p>\r\n            <a href=\\"<?=SP_CONTACT_LINK?>\\" target=\\"_blank\\">Contacto Seo Panel</a>\r\n        </p>\r\n        \r\n        <p>\r\n            <a href=\\"<?=SP_HELP_LINK?>\\" target=\\"_blank\\">Seo Panel Guía de Ayuda</a>\r\n        </p>\r\n        \r\n        <p>\r\n            <a href=\\"<?=SP_FORUM_LINK?>\\" target=\\"_blank\\">Seo Panel Foro</a>\r\n        </p>\r\n        \r\n        <p>\r\n            <a href=\\"<?=SP_SUPPORT_LINK?>\\" target=\\"_blank\\">Seo Panel Soporte Sistema</a>\r\n        </p>\r\n        \r\n        <p>\r\n            <a href=\\"<?=SP_DONATE_LINK?>\\" target=\\"_blank\\">Haz una donación a Seo Panel</a>\r\n        </p>\r\n    </li>\r\n    \r\n</ul>\r\n</fieldset>', '2010-09-23 02:09:08'),
(492, 'es', 'home', 'Pages Indexed', 'Páginas indexadas', '2010-09-23 02:09:08'),
(493, 'es', 'home', 'Ranks', 'Rangos', '2010-09-23 02:09:08'),
(494, 'es', 'home', 'SiteNameUrl', 'Nombre del sitio / URL', '2010-09-23 02:09:08'),
(495, 'es', 'home', 'Website Statistics', 'Estadísticas del Sitio', '2010-09-23 02:09:08'),
(496, 'es', 'panel', 'Check Directory', 'Compruebe Directorio', '2010-09-28 23:14:13'),
(497, 'es', 'panel', 'Directory Manager', 'Directorio Manager ', '2010-09-28 23:14:13'),
(498, 'es', 'panel', 'Edit My Profile', 'Modificar mi perfil', '2010-09-28 23:14:13'),
(499, 'es', 'panel', 'My Profile', 'Mi Perfil', '2010-09-28 23:14:13'),
(500, 'es', 'panel', 'New Proxy', 'Nueva Proxy', '2010-09-28 23:14:13'),
(501, 'es', 'panel', 'New User', 'Nuevo Usuario', '2010-09-28 23:14:13'),
(502, 'es', 'panel', 'New Website', 'Nuevo Sitio Web', '2010-09-28 23:14:13'),
(503, 'es', 'panel', 'Proxy Manager', 'Proxy Manager', '2010-09-28 23:14:13'),
(504, 'es', 'panel', 'Report Generation Manager', 'El Administrador de informes generación', '2010-09-28 23:14:13'),
(505, 'es', 'panel', 'Reports Manager', 'Administrador de informes', '2010-09-28 23:14:13'),
(506, 'es', 'panel', 'Seo Plugins Manager', 'Seo Administrador de Plugins', '2010-09-28 23:14:13'),
(507, 'es', 'panel', 'Seo Tools Manager', 'Seo Instrumentos Manager', '2010-09-28 23:14:13'),
(508, 'es', 'panel', 'System Settings', 'Configuración del sistema', '2010-09-28 23:14:13'),
(509, 'es', 'panel', 'User Manager', 'Administrador de usuarios', '2010-09-28 23:14:13'),
(510, 'es', 'panel', 'Website Manager', 'Administrador de sitio web', '2010-09-28 23:14:13'),
(511, 'es', 'proxy', 'Edit Proxy', 'Editar Proxy', '2010-09-22 17:11:53'),
(512, 'es', 'proxy', 'Proxy Password', 'Proxy Contraseña', '2010-09-22 17:11:53'),
(513, 'es', 'proxy', 'Proxy Username', 'Nombre de usuario proxy', '2010-09-22 17:11:53'),
(514, 'es', 'proxy', 'Proxyalreadyexist', 'Proxy ya existe!', '2010-09-22 17:11:53'),
(515, 'es', 'seotools', 'Automatic Submission', 'Sumisión automática', '2010-09-23 01:57:08'),
(516, 'es', 'seotools', 'backlink-checker', 'Verificador vínculos de retroceso ', '2010-09-23 01:57:08'),
(517, 'es', 'seotools', 'Backlinks Reports', 'Informes de vínculos de retroceso', '2010-09-23 01:57:08'),
(518, 'es', 'seotools', 'Check Submission Status', 'Comprobar el estado de presentación', '2010-09-23 01:57:08'),
(519, 'es', 'seotools', 'clickgeneratereports', 'Haga clic en <b> Continuar </b> para generar informes', '2010-09-23 01:57:08'),
(520, 'es', 'seotools', 'Detailed Position Reports', 'Informes detallados de posición', '2010-09-23 01:57:08'),
(521, 'es', 'seotools', 'directory-submission', 'Directorio sumisión ', '2010-09-23 01:57:08'),
(522, 'es', 'seotools', 'Featured Submission', 'Directorio destacados', '2010-09-23 01:57:08'),
(523, 'es', 'seotools', 'Generate Backlinks Reports', 'Generar Informes de vínculos de retroceso', '2010-09-23 01:57:08'),
(524, 'es', 'seotools', 'Generate Keyword Reports', 'Generar informes de palabras clave', '2010-09-23 01:57:08'),
(525, 'es', 'seotools', 'Generate Rank Reports', 'Generar Rank informes', '2010-09-23 01:57:08'),
(526, 'es', 'seotools', 'Generate Saturation Reports', 'Generar informes de saturación', '2010-09-23 01:57:08'),
(527, 'es', 'seotools', 'Google Sitemap Generator', 'Generador Google Mapa de Sitio', '2010-09-23 01:57:08'),
(528, 'es', 'seotools', 'Graphical Position Reports', 'Gráfica informes de posición', '2010-09-23 01:57:08'),
(529, 'es', 'seotools', 'Keyword Position Summary', 'Palabra clave posición resumen ', '2010-09-23 01:57:08'),
(530, 'es', 'seotools', 'keyword-position-checker', 'Verificador Palabra clave posición', '2010-09-23 01:57:08'),
(531, 'es', 'seotools', 'Keywords Manager', 'Palabras claves manager', '2010-09-23 01:57:08'),
(532, 'es', 'seotools', 'Quick Backlinks Checker', 'Verificador rápido retroceso', '2010-09-23 01:57:08'),
(533, 'es', 'seotools', 'Quick Position Checker', 'Verificador rápida posición', '2010-09-23 01:57:08'),
(534, 'es', 'seotools', 'Quick Rank Checker', 'Verificador pápida rango', '2010-09-23 01:57:08'),
(535, 'es', 'seotools', 'Quick Saturation Checker', 'Verificador rápida de saturación', '2010-09-23 01:57:08'),
(536, 'es', 'seotools', 'Rank Reports', 'Informes Rango', '2010-09-23 01:57:08'),
(537, 'es', 'seotools', 'rank-checker', 'Verificador Rango', '2010-09-23 01:57:08'),
(538, 'es', 'seotools', 'Saturation Reports', 'Informes de saturación', '2010-09-23 01:57:08'),
(539, 'es', 'seotools', 'saturation-checker', 'Saturación del motor de búsqueda', '2010-09-23 01:57:08'),
(540, 'es', 'seotools', 'sitemap-generator', 'Generador mapa de sitio', '2010-09-23 01:57:08'),
(541, 'es', 'seotools', 'Skipped Directories', 'Se ha parado directorios', '2010-09-23 01:57:08'),
(542, 'es', 'seotools', 'Submission Reports', 'Sumisión de informes', '2010-09-23 01:57:08'),
(543, 'es', 'seotools', 'User Access', 'Acceso de usuario', '2010-09-23 01:57:08'),
(544, 'es', 'settings', 'SP_CRAWL_DELAY', 'Tiempo de retardo entre cada rastreo araña (segundos)', '2010-09-29 01:32:15'),
(545, 'es', 'settings', 'SP_DESCRIPTION', 'Seo Panel Descripcion', '2010-09-29 01:32:15'),
(546, 'es', 'settings', 'SP_ENABLE_PROXY', 'Activar Proxy', '2010-09-29 01:32:15'),
(547, 'es', 'settings', 'SP_HOTLINKING', 'Protección de imágenes hotlink activado', '2010-09-29 01:32:15'),
(548, 'es', 'settings', 'SP_KEYWORDS', 'Palabras claves Seo Panel', '2010-09-29 01:32:15'),
(549, 'es', 'settings', 'SP_PAGINGNO', 'Número de entradas por página', '2010-09-29 01:32:15'),
(550, 'es', 'settings', 'SP_TITLE', 'Seo Panel Título ', '2010-09-29 01:32:15'),
(551, 'es', 'settings', 'SP_USER_GEN_REPORT', 'Permite a los usuarios generar informes', '2010-09-29 01:32:15'),
(552, 'es', 'settings', 'SP_USER_REGISTRATION', 'Interfaz de usuario de registro', '2010-09-29 01:32:15'),
(553, 'es', 'settings', 'syssettingssaved', 'La configuración del sistema se han guardado correctamente!', '2010-09-29 01:32:15'),
(554, 'es', 'login', 'Confirm Password', 'Confirmar contraseña', '2010-09-22 17:30:14'),
(555, 'es', 'login', 'Create my account', 'Crear una cuenta', '2010-09-22 17:30:14'),
(556, 'es', 'login', 'Create New Account', 'Crear una cuenta nueva', '2010-09-22 17:30:14'),
(557, 'es', 'login', 'Email', 'Correo electrónico', '2010-09-22 17:30:14'),
(558, 'es', 'login', 'emailexist', 'Correo electrónico ya existe!', '2010-09-22 17:30:14'),
(559, 'es', 'login', 'Enter the code as it is shown', 'Introduzca el código tal como se muestra', '2010-09-22 17:30:14'),
(560, 'es', 'login', 'First Name', 'Nombre', '2010-09-22 17:30:14'),
(561, 'es', 'login', 'Last Name', 'Apellido', '2010-09-22 17:30:14'),
(562, 'es', 'login', 'Login', 'Inicio de sesión', '2010-09-22 17:30:14'),
(563, 'es', 'login', 'Login incorrect', 'Inicio de sesión incorrecto', '2010-09-22 17:30:14'),
(564, 'es', 'login', 'newaccountsuccess', 'Nueva cuenta creada con éxito!', '2010-09-22 17:30:14'),
(565, 'es', 'login', 'Password', 'Contraseña', '2010-09-22 17:30:14'),
(566, 'es', 'login', 'Password incorrect', 'Contraseña incorrecta', '2010-09-22 17:30:14'),
(567, 'es', 'login', 'Register', 'Registro', '2010-09-22 17:30:14'),
(568, 'es', 'login', 'Sign in to your account', 'Acceda a su cuenta', '2010-09-22 17:30:14'),
(569, 'es', 'login', 'User inactive', 'Usuario inactivo', '2010-09-22 17:30:14'),
(570, 'es', 'login', 'Username', 'Nombre de usuario', '2010-09-22 17:30:14'),
(571, 'es', 'login', 'usernameexist', 'Nombre de usuario ya existe!', '2010-09-22 17:30:14'),
(572, 'es', 'support', 'support_cont1', '<fieldset>\r\n<legend>Seo Panel Sistema de Soporto</legend>\r\n<ul class=\\"infobox\\">\r\n    <li>\r\n        <h1>1000 Directorio Paquete</h1> \r\n        <p>\r\n            Estamos proporcionando <b>1000 libre activo y verificó</b> paquete de directorio de Internet, para agregar en su\r\nseo panel<b>directorio sumision herramienta</b>.\r\n         Le ayudará a aumentar la <b> vínculos de retroceso </b> de sus sitios web.\r\n            \r\nEn realidad 1000 lista de directorios es <b> presentó </b> para recoger algo de dinero para el futuro <b>\r\nDesarrollo </b> del panel seo.\r\n\r\n           Para obtener la lista de directorios 1000 por favor <a href=\\"<?=SP_DONATE_LINK?>\\" target=\\"_blank\\">donar</a>\r\n$10 o más para mejorar las características del seo panel.\r\n            Si usted tiene alguna pregunta sobre el paquete de directorio 1000, por favor <a href=\\"<?=SP_CONTACT_LINK?>\\"\r\ntarget=\\"_blank\\">contactenos</a> o abrir un boleto en <a href=\\"<?=SP_SUPPORT_LINK?>\\"\r\ntarget=\\"_blank\\">el apoyo del sistema</a>.   \r\n        </p>        \r\n        <p>\r\n            <a href=\\"<?=SP_DONATE_LINK?>\\" target=\\"_blank\\">Visita este enlace para donar a seo panel</a>\r\n        </p>\r\n        <br>\r\n    </li>\r\n    \r\n    <li>\r\n        <h1>Paquete de motores de búsqueda local</h1> \r\n        <p>\r\n   \r\nAñadir <b> motores de búsqueda locales  dominios </b> de google, yahoo, msn (<b>por ejemplo, : www.google.de, www.google.fr\r\nEtc </b>) para seo <b> panel de palabras clave <posición verificador</b>, para rastrear su sitio perfomance a nivel local.\r\n\r\n\r\n           Para obtener el paquete de búsqueda local motores (de acuerdo a sus necesidades), por favor <a\r\nhref=\\"<?=SP_DONATE_LINK?>\\" target=\\"_blank\\">donate</a> $ 10 o más para mejorar las características de seo panel.\r\n            Antes de la donación de envío, por favor <a href=\\"<?=SP_CONTACT_LINK?>\\" target=\\"_blank\\">contactenos</a> a\r\nnos proporcionan requiere motor de búsqueda lista de dominios.\r\n            <br><br>              \r\n            También para agregar <b> nuevos motores de búsqueda (por ejemplo: baidu.com) </b> para su comprobador de posición del panel seo de palabras clave,\r\npor favor <a href=\\"<?=SP_CONTACT_LINK?>\\" target=\\"_blank\\">contactenos</a> o abrir un boleto en<a\r\nhref=\\"<?=SP_SUPPORT_LINK?>\\" target=\\"_blank\\">soporte sistema</a>. \r\n        </p>        \r\n        <p class=\\"visit\\">\r\n            <a href=\\"<?=SP_CONTACT_LINK?>\\" target=\\"_blank\\">Visita este enlace para contactar con nosotros</a>\r\n        </p>\r\n        <br>\r\n    </li>\r\n    \r\n    <li>\r\n        <h1>Seo Panel Plugins</h1> \r\n        <p>\r\n        Añadir <b> plugins SEO </b> a su panel de seo a <b> ampliar el características </b> de acuerdo a sus\r\nrequisito.\r\n            <a href=\\"<?=SP_PLUGINSITE?>\\" target=\\"_blank\\">Seo panel plugins</a> son proporcionados por el panel seo\r\ny sitios de terceros.\r\n           También es posible <b> desarrollar  </b> plugins SEO para su panel de seo.\r\n            Usted puede <a href=\\"<?=SP_PLUGINSITE?>\\" target=\\"_blank\\">presentar</a> su plugin seo seo de panel y\r\nvamos a <b>publicar</b> en nuestro sitio web después de nuestra  <b>  proceso de revisar</b>.        \r\n        </p>        \r\n        <p>\r\n            <a href=\\"<?=SP_PLUGINSITE?>\\" target=\\"_blank\\">Visita este enlace para obtener seo panel plugins</a>\r\n        </p>\r\n        <br>\r\n    </li>    \r\n    <li>\r\n        <h1>Contactenos</h1> \r\n        <p>\r\n        Contacte con nosotros para cualquier pregunta sobre <b>Herramientas seo panel, plugins y características etc </b> mediante el uso de continuación\r\nenlace.   \r\n        </p>        \r\n        <p>\r\n            <a href=\\"<?=SP_CONTACT_LINK?>\\" target=\\"_blank\\">Visita este enlace para contactar con nosotros</a>\r\n        </p>\r\n        <br>\r\n    </li>    \r\n    <li>\r\n        <h1>Boletos de Soporte</h1> \r\n        <p>\r\n           Para obtener <b> apoyo técnico</b> en el panel del equipo seo para configurar el panel de <b>Herramientas seo, plugins y\r\ncaracterísticas </b>. Por ejemplo: Para configurar el cron para la posición corrector de palabras clave.\r\n        </p>        \r\n        <p>\r\n            <a href=\\"<?=SP_SUPPORT_LINK?>\\" target=\\"_blank\\">Visita este enlace para crear un boleto de soporte</a>\r\n        </p>\r\n        <br>\r\n    </li>    \r\n    <li>\r\n        <h1>Informar de bugs</h1> \r\n        <p>\r\n            Informe <b>bugs</b> sobre <b>seo panel herramientas, plugins y características etc </b> mediante el uso de link de abajo.\r\n           por favor ayuda a mejorar las características en las versiones siguientes.       \r\n        </p>        \r\n        <p>\r\n            <a href=\\"<?=SP_SUPPORT_LINK?>\\" target=\\"_blank\\">Visita este enlace para informar de los errores</a>\r\n        </p>\r\n        <br>\r\n    </li>    \r\n</ul>\r\n</fieldset>', '2010-09-23 01:38:52'),
(573, 'es', 'support', 'support_cont2', '<fieldset>\r\n<legend>Seo Panel Recursos en linea</legend>\r\n<ul class=\\"infobox\\">\r\n        \r\n    <li>\r\n        <h1>Seo Panel Guía de Ayuda</h1> \r\n        <p>\r\n            Puede ver la <a href=\\"<?=SP_HELP_LINK?>\\" target=\\"_blank\\">seo panel documentación</a> en el\r\n<b>guía de ayuda</b>, que contiene e <b>documentación</b> para el panel de herramientas seo, plugins y afines\r\ncaracterísticas.\r\n            <br>Es el mejor lugar en Internet para obtener <b> ayuda </b> acerca del panel de seo. Esperamos que\r\n<b> contribuir </b> para ayudar a la guía del panel seo, si usted encuentra errores o cosas que faltan.      \r\n        </p>\r\n        <p>\r\n            <a href=\\"<?=SP_HELP_LINK?>\\" target=\\"_blank\\">Visita seo panel de guía de ayuda</a>\r\n        </p>\r\n        <br>\r\n    </li>    \r\n    <li>\r\n        <h1>Seo Panel Foro</h1> \r\n        <p>\r\n            Un sitio para hablar sobre la primera fuente abierta del mundo <b> seo panel de control </b>.\r\n            Es el mejor lugar para encontrar las <b>respuestas </b> para su <b> preguntas </b> acerca del panel de seo. \r\n            <br>Además, puede <b> comparte </b> el  <b>experiencia</b>, mientras que usando el panel de SEO para optimizar su\r\nsitios web.                             \r\n        </p>        \r\n        <p>\r\n            <a href=\\"<?=SP_FORUM_LINK?>\\" target=\\"_blank\\">Visita seo panel foro</a>\r\n        </p>\r\n        <br>\r\n    </li>\r\n</ul>    \r\n</fieldset>', '2010-09-23 01:38:52'),
(574, 'es', 'support', 'support_cont3', '<fieldset>\r\n<legend>Haz una donación a Seo Panel</legend>\r\n<ul class=\\"infobox\\">        \r\n    <li>\r\n        <h1>Haz una donación a Seo Panel - En primer Open source seo panel de control en el mundo</h1> \r\n        <p>\r\n            <b>Donar</b> seo panel para soporte de primera Open source seo panel de control en el mundo.\r\n            Estamos planeando añadir y mejorar <b>  características </b> del SEO panel en el futuro.\r\n            <br>Con todos sus <b> apoyo </b> único que podemos alcanzar nuestros <b>objetivos  </b>.\r\n            Si usted siente que es el panel seo <b> vale la pena </b> para usted, por favor, donar alguna cantidad a la seo equipo de panel.\r\n            <br>Nos <b> publicará </b> su nombre y sitio de información en <a href=\\"<?=SP_DONATE_LINK?>\\"\r\ntarget=\\"_blank\\">donation page</a>, una vez que tengamos una donación.\r\n        </p>\r\n        <p>\r\n            <a href=\\"<?=SP_DONATE_LINK?>\\" target=\\"_blank\\">Visita este enlace para donar a seo panel</a>\r\n        </p>\r\n        <br>\r\n    </li>\r\n</ul>\r\n</fieldset>', '2010-09-23 01:38:52'),
(575, 'en', 'panel', 'Cron Command', 'Cron Command', '2010-09-23 00:43:06'),
(576, 'en', 'panel', 'Add following command to your cron tab', 'Add following command to your cron tab', '2010-09-23 01:04:03'),
(577, 'es', 'panel', 'Add following command to your cron tab', 'Añadir el siguiente comando para el cron ficha', '2010-09-28 23:14:13'),
(578, 'es', 'panel', 'Cron Command', 'Cron Comando', '2010-09-28 23:14:13'),
(579, 'en', 'panel', 'alsocheckfollowlink', 'Also check following link if you need more details.', '2010-09-23 01:46:30'),
(580, 'es', 'panel', 'alsocheckfollowlink', 'También a raíz de verificación enlace si usted necesita más información.', '2010-09-28 23:14:13'),
(581, 'en', 'label', 'Click Here', 'Click Here', '2010-09-23 02:22:08'),
(582, 'en', 'keyword', 'to create new keywords', 'to create new keywords', '2010-09-23 02:23:07'),
(583, 'en', 'keyword', 'Import Keywords', 'Import Keywords', '2010-09-26 00:47:00'),
(584, 'en', 'common', 'Keywords', 'Keywords', '2010-09-26 00:56:11'),
(585, 'en', 'label', 'already exist', 'already exist', '2010-09-26 01:08:07'),
(586, 'en', 'panel', 'About Us', 'About Us', '2010-09-26 02:35:05'),
(587, 'en', 'label', 'Developers', 'Developers', '2010-09-26 03:06:56'),
(588, 'en', 'label', 'Translators', 'Translators', '2010-09-26 03:06:56'),
(589, 'en', 'settings', 'Click here to become a sponsor for Seo Panel', '<b>Donate $100</b> and become a <b>sponsor</b> of Seo Panel.', '2010-09-29 01:25:10'),
(590, 'en', 'label', 'Sponsors', 'Sponsors', '2010-09-26 03:18:27'),
(591, 'en', 'settings', 'SP_DEFAULTLANG', 'Default Language', '2010-09-27 01:46:39'),
(592, 'fr', 'common', 'Action', 'Action', '2010-09-27 02:50:23'),
(593, 'fr', 'common', 'Activate', 'Activer', '2010-09-27 02:50:23'),
(594, 'fr', 'common', 'Active', 'Active', '2010-09-27 02:50:23'),
(595, 'fr', 'common', 'Admin Panel', 'Administration', '2010-09-27 02:50:23'),
(596, 'fr', 'common', 'Alexa Rank', 'Rank Alexa', '2010-09-27 02:50:23'),
(597, 'fr', 'common', 'All', 'Tout', '2010-09-27 02:50:23'),
(598, 'fr', 'common', 'Category', 'Catégorie', '2010-09-27 02:50:23'),
(599, 'fr', 'common', 'contact', 'Contact', '2010-09-27 02:50:23'),
(600, 'fr', 'common', 'copyright', 'Copyright © [year] www.seopanel.in Tous droits réservés.', '2010-09-27 02:50:23'),
(601, 'fr', 'common', 'Country', 'Pays', '2010-09-27 02:50:23'),
(602, 'fr', 'common', 'Crawl Meta Data', 'Exploration des métadonnées', '2010-09-27 02:50:23'),
(603, 'fr', 'common', 'Date', 'Date', '2010-09-27 02:50:23'),
(604, 'fr', 'common', 'Delete', 'Supprimer', '2010-09-27 02:50:23'),
(605, 'fr', 'common', 'Details', 'Détails', '2010-09-27 02:50:23'),
(606, 'fr', 'common', 'Directory', 'Annuaire', '2010-09-27 02:50:23'),
(607, 'fr', 'common', 'Donate', 'Faire un don', '2010-09-27 02:50:23'),
(608, 'fr', 'common', 'Edit', 'Editer', '2010-09-27 02:50:23'),
(609, 'fr', 'common', 'Entry cannot be blank', 'Vous devez saisir quelque chose', '2010-09-27 02:50:23'),
(610, 'fr', 'common', 'entrynotvalid', 'La saisie ne semble pas être valide', '2010-09-27 02:50:23'),
(611, 'fr', 'common', 'failed', 'échoué', '2010-09-27 02:50:23'),
(612, 'fr', 'common', 'forum', 'Forum', '2010-09-27 02:50:23'),
(613, 'fr', 'common', 'Found', 'Trouvé', '2010-09-27 02:50:23'),
(614, 'fr', 'common', 'Google Pagerank', 'Google PageRank', '2010-09-27 02:50:23'),
(615, 'fr', 'common', 'help', 'Aide', '2010-09-27 02:50:23'),
(616, 'fr', 'common', 'hidenews', 'Cacher les nouvelles SeoPanel', '2010-09-27 02:50:23'),
(617, 'fr', 'common', 'Id', 'Id', '2010-09-27 02:50:23'),
(618, 'fr', 'common', 'Inactivate', 'Désactiver', '2010-09-27 02:50:23'),
(619, 'fr', 'common', 'Inactive', 'Désactivé', '2010-09-27 02:50:23'),
(620, 'fr', 'common', 'Invalid characters', 'Caractères invalides', '2010-09-27 02:50:23'),
(621, 'fr', 'common', 'Invalid code entered', 'Code incorrect', '2010-09-27 02:50:23'),
(622, 'fr', 'common', 'Invalid email address entered', 'Adresse mail incorrecte', '2010-09-27 02:50:23'),
(623, 'fr', 'common', 'Invalid value', 'Valeur incorrecte', '2010-09-27 02:50:23'),
(624, 'fr', 'common', 'Keyword', 'Mot clé', '2010-09-27 02:50:23'),
(625, 'fr', 'common', 'Keywords', 'Mots clé', '2010-09-27 02:50:23'),
(626, 'fr', 'common', 'My Account', 'Mon compte', '2010-09-27 02:50:23'),
(627, 'fr', 'common', 'Name', 'Nom', '2010-09-27 02:50:23'),
(628, 'fr', 'common', 'No', 'N°', '2010-09-27 02:50:23'),
(629, 'fr', 'common', 'No Keywords Found', 'Aucun mots clé', '2010-09-27 02:50:23'),
(630, 'fr', 'common', 'No Records Found', 'Aucun élément', '2010-09-27 02:50:23'),
(631, 'fr', 'common', 'noactivetools', 'Aucun outil Seo actif trouvé !', '2010-09-27 02:50:23'),
(632, 'fr', 'common', 'nowebsites', 'Aucun site ', '2010-09-27 02:50:23'),
(633, 'fr', 'common', 'password632', 'Le mot de passe doit faire entre 6 et 32 caractères', '2010-09-27 02:50:23'),
(634, 'fr', 'common', 'passwordnotmatch', 'Les mots de passe ne correspondent pas', '2010-09-27 02:50:23'),
(635, 'fr', 'common', 'Period', 'Période', '2010-09-27 02:50:23'),
(636, 'fr', 'common', 'Priority', 'Priorité', '2010-09-27 02:50:23'),
(637, 'fr', 'common', 'Rank', 'Rang', '2010-09-27 02:50:23'),
(638, 'fr', 'common', 'Reports', 'Rapports', '2010-09-27 02:50:23'),
(639, 'fr', 'common', 'Results', 'Résultats', '2010-09-27 02:50:23'),
(640, 'fr', 'common', 'Search Engine', 'Moteur de recherche', '2010-09-27 02:50:23'),
(641, 'fr', 'common', 'Select', 'Sélection', '2010-09-27 02:50:23'),
(642, 'fr', 'common', 'Seo Plugins', 'Plugins Seo', '2010-09-27 02:50:23'),
(643, 'fr', 'common', 'Seo Tools', 'Outils Seo', '2010-09-27 02:50:23'),
(644, 'fr', 'common', 'Sign out', 'Déconnecter', '2010-09-27 02:50:23'),
(645, 'fr', 'common', 'Sign Up', 'S\\''enregistrer', '2010-09-27 02:50:23'),
(646, 'fr', 'common', 'signin', 'Se connecter', '2010-09-27 02:50:23'),
(647, 'fr', 'common', 'Status', 'Statut', '2010-09-27 02:50:23'),
(648, 'fr', 'common', 'Total', 'Total', '2010-09-27 02:50:23'),
(649, 'fr', 'common', 'Url', 'Url', '2010-09-27 02:50:23'),
(650, 'fr', 'common', 'User', 'Utilisateur', '2010-09-27 02:50:23'),
(651, 'fr', 'common', 'User Panel', 'Panneau utilisateur', '2010-09-27 02:50:23'),
(652, 'fr', 'common', 'Website', 'Site web', '2010-09-27 02:50:23'),
(653, 'fr', 'common', 'Yes', 'Oui', '2010-09-27 02:50:23'),
(654, 'fr', 'label', 'already exist', 'déjà existant', '2010-09-27 02:18:01'),
(655, 'fr', 'label', 'Click Here', 'Cliquer ici', '2010-09-27 02:18:01'),
(656, 'fr', 'label', 'Developers', 'Développeurs  ', '2010-09-27 02:18:01'),
(657, 'fr', 'label', 'Sponsors', 'Sponsors', '2010-09-27 02:18:01'),
(658, 'fr', 'label', 'Translators', 'Traducteurs', '2010-09-27 02:18:01'),
(659, 'fr', 'settings', 'Click here to become a sponsor for Seo Panel', '<b>Faire un don $100</b> et devenir un <b>sponsor</b> des Seo Panel.', '2010-09-29 01:30:01'),
(660, 'fr', 'settings', 'SP_CRAWL_DELAY', 'Délai entre chaque exploration (en secondes)', '2010-09-29 01:30:01'),
(661, 'fr', 'settings', 'SP_DEFAULTLANG', 'Langue par défaut', '2010-09-29 01:30:01'),
(662, 'fr', 'settings', 'SP_DESCRIPTION', 'Description', '2010-09-29 01:30:01'),
(663, 'fr', 'settings', 'SP_ENABLE_PROXY', 'Activer le proxy', '2010-09-29 01:30:01'),
(664, 'fr', 'settings', 'SP_HOTLINKING', 'Protection hotlink des images activée', '2010-09-29 01:30:01'),
(665, 'fr', 'settings', 'SP_KEYWORDS', 'Mots clé Seo Panel', '2010-09-29 01:30:01'),
(666, 'fr', 'settings', 'SP_PAGINGNO', 'Nombre d\\''éléments par page', '2010-09-29 01:30:01'),
(667, 'fr', 'settings', 'SP_TITLE', 'Titre Seo Panel', '2010-09-29 01:30:01'),
(668, 'fr', 'settings', 'SP_USER_GEN_REPORT', 'Autoriser l\\''utilisateur à générer un rapport', '2010-09-29 01:30:01'),
(669, 'fr', 'settings', 'SP_USER_REGISTRATION', 'Interface d\\''enregistrement utilisateur', '2010-09-29 01:30:01'),
(670, 'fr', 'settings', 'syssettingssaved', 'Paramètres bien enregistrés !', '2010-09-29 01:30:01'),
(671, 'fr', 'plugin', 'Edit Seo Plugin', 'Editer le pluing Seo', '2010-09-27 02:38:52'),
(672, 'fr', 'plugin', 'Plugin Name', 'Nom du plugin', '2010-09-27 02:38:52'),
(673, 'fr', 'plugin', 'Seo Plugin Details', 'Détails du plugin Seo', '2010-09-27 02:38:52'),
(674, 'fr', 'panel', 'About Us', 'A propos', '2010-09-28 02:14:58'),
(675, 'fr', 'panel', 'Add following command to your cron tab', 'Ajouter la commande suivante à votre crontab', '2010-09-28 02:14:58'),
(676, 'fr', 'panel', 'alsocheckfollowlink', 'Cliquer sur le lien suivant pour plus de détails.', '2010-09-28 02:14:58'),
(677, 'fr', 'panel', 'Check Directory', 'Vérifier l\\''annuaire', '2010-09-28 02:14:58'),
(678, 'fr', 'panel', 'Cron Command', 'Commande Cron', '2010-09-28 02:14:58'),
(679, 'fr', 'panel', 'Directory Manager', 'Gestionnaire d\\''annuaires', '2010-09-28 02:14:58'),
(680, 'fr', 'panel', 'Edit My Profile', 'Editer mon profil', '2010-09-28 02:14:58'),
(681, 'fr', 'panel', 'My Profile', 'Mon profil', '2010-09-28 02:14:58'),
(682, 'fr', 'panel', 'New Proxy', 'Nouveau proxy', '2010-09-28 02:14:58'),
(683, 'fr', 'panel', 'New User', 'Nouvel utilisateur', '2010-09-28 02:14:58'),
(684, 'fr', 'panel', 'New Website', 'Nouveau site web', '2010-09-28 02:14:58'),
(685, 'fr', 'panel', 'Proxy Manager', 'Gestion Proxy', '2010-09-28 02:14:58'),
(686, 'fr', 'panel', 'Report Generation Manager', 'Gestion de la génération des rapports', '2010-09-28 02:14:58'),
(687, 'fr', 'panel', 'Reports Manager', 'Gestion des rapports', '2010-09-28 02:14:58'),
(688, 'fr', 'panel', 'Seo Plugins Manager', 'Gestion des plugins Seo', '2010-09-28 02:14:58'),
(689, 'fr', 'panel', 'Seo Tools Manager', 'Gestion des outils Seo', '2010-09-28 02:14:58'),
(690, 'fr', 'panel', 'System Settings', 'Paramètres', '2010-09-28 02:14:58'),
(691, 'fr', 'panel', 'User Manager', 'Gestion des utilisateurs', '2010-09-28 02:14:58'),
(692, 'fr', 'panel', 'Website Manager', 'Gestion des sites web', '2010-09-28 02:14:58'),
(693, 'fr', 'home', 'Account Summary', 'Résumé du compte', '2010-09-29 22:21:02'),
(694, 'fr', 'home', 'Backlinks', 'Liens entrants', '2010-09-29 22:21:02'),
(695, 'fr', 'home', 'Directory Submission', 'Soumission', '2010-09-29 22:21:02'),
(696, 'fr', 'home', 'home_cont1', '<h1 style=\\"text-align: center;margin-bottom: 30px;font-size: 19px;\\">Bienvenue sur le site de Seo Panel - Le premier panneau de contrôle Seo multisite au monde</h1>\r\n        <p>\r\n            <b>Seo Panel</b> est un <b>panneau de contrôle Seo, open source</b>, pour gérer le <b>référencement</b> de vos sites internet.\r\n            Seo Panel est une <b>boite à outils</b> intégrant les tous derniers outils Seo pour <b>suivre et optimiser</b> les <b>résultats</b> de vos sites.\r\n            C\\''est un <b>logiciel libre</b>, sous licence <b>GNU GENERAL PUBLIC LICENSE</b>.\r\n\r\n            L\\''atout majeur de Seo Panel est d\\''être <b>évolutif</b> grâce à son système de <a href=\\"<?=SP_PLUGINSITE?>\\" target=\\"_blank\\">plugins Seo</a>.\r\n            Tout le monde peut <b>développer et installer</b> facilement des plugins pour ajouter de nouvelles fonctionnalités.</p>\r\n        <p></p>\r\n        <p>\r\n            Ce logiciel open source a <b>vu le jour en janvier 2010</b>.\r\n            Depuis cette date, des <b>milliers</b> de <b>webmasters</b> utilise ce logiciel pour le référencement de leurs sites.\r\n            Utilisez Seo Panel dès aujourd\\''hui, et <b>appréciez</b> l\\''intégration de <b>toutes les techniques Seo</b> dans un seul et même outil, <b>Seo Panel</b>.\r\n        </p>', '2010-09-29 22:21:02'),
(697, 'fr', 'home', 'home_cont2', '<fieldset>\r\n<legend>Principales fonctionnalités de Seo Panel <?=SP_INSTALLED?></legend>\r\n<ul class=\\"infobox\\">\r\n    <li>        \r\n        <h1>Soumission automatisée</h1>\r\n        <p>\r\n            L\\''outil de soumission automatisée permet de <b>soumettre vos sites internet</b> aux principaux <b>annuaires gratuits et commerciaux</b>.\r\n            Le <b>statut</b> de chaque soumission peut être <b>suivi périodiquement</b> par le <b>script de contrôle</b>.\r\n            Le <b>gestionnaire d\\''annuaires</b> vous aidera à vérifier le statut de chacun des annuaires.\r\n        </p>\r\n    </li>\r\n    <li>        \r\n        <h1>Contrôle de position sur mot-clé</h1>\r\n        <p>\r\n            L\\''outil de contrôle de position sur mot-clé va trouver et sauvegarder la <b>position de votre site</b> dans les moteurs de recherche pour les <b>mots-clés visés</b>.\r\n            Dans la section des rapports de position, un <b>suivi quotidien et détaillé</b> des positions sur les différents mots-clés dans les moteurs de recherche est présenté <b>sous forme graphique</b>.\r\n        </p>\r\n    </li>\r\n    <li>        \r\n        <h1>Générateur de sitemap</h1>\r\n        <p>Le générateur de sitemap permet de générer les fichiers sitemap de vos sites au format <b>XML, HTML, texte</b>, à soumettre aux moteurs de recherche.\r\n        </p>\r\n    </li>\r\n    <li>        \r\n        <h1>Contrôle des rangs Google et Alexa</h1>\r\n        <p>\r\n            L\\''outil de contrôle du rang Google et Alexa va trouver et sauvegarder les <b>rangs Google et Alexa</b> de vos sites.\r\n            Dans la section rapports de rang, un <b>suivi quotidien et détaillé</b> du rang Google et du rang Alexa est effectué, pour chacun de vos sites.\r\n        </p>\r\n    </li>\r\n    <li>        \r\n        <h1>Contrôle des liens retour</h1>\r\n        <p>\r\n            Le contrôle des liens retour permet de trouver et sauvegarder le <b>nombre de liens retour</b> vers vos sites sur les différents moteurs de recherche <b>(Google, Yahoo, MSN, ...)</b>.\r\n            <br>Dans la section des rapports sur liens retour, vous pouvez voir un <b>comptage quotidien et détaillé des liens retour</b> de chacun des sites.\r\n        </p>\r\n    </li>    \r\n    <li>        \r\n        <h1>Contrôle de saturation des moteurs de recherche</h1>\r\n        <p>\r\n            Le contrôle de saturation va trouver et sauvegarder le <b>nombre de pages indexées</b> de vos sites, sur les différents moteurs de recherche <b>(Google, Yahoo, MSN, ...)</b>.<br>\r\n            Dans les rapports de saturation, vous pouvez voir les <b>détails quotidiens</b> du <b>nombre de pages indexées</b> pour chacun de vos sites.\r\n        </p>\r\n    </li>\r\n    <li>        \r\n        <h1>Plugins Seo Panel</h1></h1>\r\n        <p>\r\n        	Le <b>principal atout</b> de Seo Panel est son <b>évolutivité</b>.\r\n        	Ajoutez <b>vos propres plugins</b> pour <b>étendre les fonctionnalités</b> de votre Seo Panel, selon vos besoins.<br/>\r\n            Les <a href=\\"<?=SP_PLUGINSITE?>\\" target=\\"_blank\\">plugins Seo Panel</a> sont disponibles via le site Seo Panel, ou par des tiers.\r\n            Vous pouvez facilement <b>développer</b> des plugins pour votre Seo Panel, \r\n            Et vous pouvez aussi <a href=\\"<?=SP_PLUGINSITE?>\\" target=\\"_blank\\">soumettre</a> vos plugins à Seo Panel. Ils seront <b>publiés</b> sur notre site, après validation.\r\n        </p>\r\n    </li>\r\n    <li>        \r\n        <h1>Générateur de tags Meta</h1>\r\n        <p>\r\n            Le générateur de tags Meta est un <b>plugin Seo Panel</b> permettant de créer des <b>tags Meta personnalisés</b> pour vos sites.\r\n            Il vous aidera à donner <b>plus d\\''informations</b> sur vos sites aux <b>robots de recherche</b> lors de leurs visites.\r\n        </p>\r\n    </li>\r\n</ul>\r\n</fieldset>', '2010-09-29 22:21:02'),
(698, 'fr', 'home', 'home_cont3', '<fieldset>\r\n<legend>Seo Panel - Ressources en ligne</legend>    \r\n<ul class=\\"infobox\\">\r\n\r\n    <li>\r\n        <h1>Références Seo Panel</h1>                \r\n        \r\n        \r\n        <p>\r\n            <a href=\\"http://www.seopanel.in\\" target=\\"_blank\\">Site officiel Seo Panel</a>\r\n        </p>\r\n        <p>\r\n            <a href=\\"<?=SP_DOWNLOAD_LINK?>\\" target=\\"_blank\\">Télécharger Seo Panel</a>\r\n        </p>\r\n        \r\n        <p>\r\n            <a href=\\"<?=SP_DEMO_LINK?>\\" target=\\"_blank\\">Site de démonstration Seo Panel</a>\r\n        </p>\r\n        \r\n        <p>\r\n            <a href=\\"<?=SP_CONTACT_LINK?>\\" target=\\"_blank\\">Contacter l\\''équipe Seo Panel</a>\r\n        </p>\r\n        \r\n        <p>\r\n            <a href=\\"<?=SP_HELP_LINK?>\\" target=\\"_blank\\">Guide Seo Panel</a>\r\n        </p>\r\n        \r\n        <p>\r\n            <a href=\\"<?=SP_FORUM_LINK?>\\" target=\\"_blank\\">Forum Seo Panel</a>\r\n        </p>\r\n        \r\n        <p>\r\n            <a href=\\"<?=SP_SUPPORT_LINK?>\\" target=\\"_blank\\">Support Seo Panel</a>\r\n        </p>\r\n        \r\n        <p>\r\n            <a href=\\"<?=SP_DONATE_LINK?>\\" target=\\"_blank\\">Faites un don pour Seo Panel</a>\r\n        </p>\r\n    </li>\r\n    \r\n</ul>\r\n</fieldset>', '2010-09-29 22:21:02'),
(699, 'fr', 'home', 'Pages Indexed', 'Pages indexées', '2010-09-29 22:21:02'),
(700, 'fr', 'home', 'Ranks', 'Ranks', '2010-09-29 22:21:02'),
(701, 'fr', 'home', 'SiteNameUrl', 'Nom du site / URL', '2010-09-29 22:21:02'),
(702, 'fr', 'home', 'Website Statistics', 'Statistiques du site', '2010-09-29 22:21:02'),
(703, 'fr', 'directory', 'Add back to directory list', 'Remettre dans la liste des annuaires', '2010-09-27 03:07:04'),
(704, 'fr', 'directory', 'Approved', 'Approuvé', '2010-09-27 03:07:04'),
(705, 'fr', 'directory', 'Captcha', 'Captcha', '2010-09-27 03:07:04'),
(706, 'fr', 'directory', 'categorynote', 'Catégories, à séparer par des virgules, dans l\\''ordre de priorité. Débuter par la catégorie ayant la priorité la plus haute.', '2010-09-27 03:07:04'),
(707, 'fr', 'directory', 'Check Directory Status', 'Vérifier le statut de l\\''annuaire', '2010-09-27 03:07:04'),
(708, 'fr', 'directory', 'Check Directory Submission Status', 'Vérifier le statut de l\\''envoi', '2010-09-27 03:07:04'),
(709, 'fr', 'directory', 'clicktoproceeddirsts', 'Cliquer sur <b>Valider</b> pour vérifier le statut de l\\''annuaire.', '2010-09-27 03:07:04'),
(710, 'fr', 'directory', 'Confirmation', 'Confirmation', '2010-09-27 03:07:04'),
(711, 'fr', 'directory', 'desnote', 'Certains annuaires requiert un minimum de 150 caractères pour la description.', '2010-09-27 03:07:04'),
(712, 'fr', 'directory', 'Directories with out captcha', 'Annuaires sans captcha', '2010-09-27 03:07:04'),
(713, 'fr', 'directory', 'Directory Submission Reports', 'Rapports d\\''envois aux annuaires', '2010-09-27 03:07:04'),
(714, 'fr', 'directory', 'Enter the code shown', 'Veuillez saisir le code indiqué', '2010-09-27 03:07:04'),
(715, 'fr', 'directory', 'nocatnote', 'Catégorie d\\''envoi non trouvée dans la page d\\''envoi. Veuillez cliquer sur <b>Recharger</a> ou <b>Passer</b>', '2010-09-27 03:07:04'),
(716, 'fr', 'directory', 'nodirnote', 'Aucun annuaire <b>actif</b>', '2010-09-27 03:07:04'),
(717, 'fr', 'directory', 'nosuccessnote', 'Aucune confirmation n\\''a été reçue, veuillez vérifier vos mails', '2010-09-27 03:07:04'),
(718, 'fr', 'directory', 'optionalnote', 'Titres et descriptions optionnels à soumettre aléatoirement aux annuaires pour de meilleurs résultats.', '2010-09-27 03:07:04'),
(719, 'fr', 'directory', 'Owner Email', 'Mail du propriétaire', '2010-09-27 03:07:04'),
(720, 'fr', 'directory', 'Owner Name', 'Nom du propriétaire', '2010-09-27 03:07:04'),
(721, 'fr', 'directory', 'Pending', 'En attente', '2010-09-27 03:07:04'),
(722, 'fr', 'directory', 'Please select a website to proceed', 'Veuillez sélectionner un site', '2010-09-27 03:07:04'),
(723, 'fr', 'directory', 'selectwebsiteproceed', 'Sélectionner un <b>site</b> à envoyer à l\\''annuaire. <br>Cocher l\\''option <b>Annuaires sans captcha</b> pour envoyer aux annuaires sans confirmation humaine.', '2010-09-27 03:07:04'),
(724, 'fr', 'directory', 'selectwebsiteschecksub', 'Sélectionner un <b>site</b> à envoyer à l\\''annuaire.', '2010-09-27 03:07:04'),
(725, 'fr', 'directory', 'Semi Automatic Directory Submission Tool', 'Outil de soumission semi automatique', '2010-09-27 03:07:04'),
(726, 'fr', 'directory', 'spamemailnote', 'Certains annuaires envoient des courriers indésirables, nous vous déconseillons d\\''utiliser votre adresse mail principale.', '2010-09-27 03:07:04'),
(727, 'fr', 'directory', 'Submission Details', 'Détails de l\\''envoi', '2010-09-27 03:07:04'),
(728, 'fr', 'directory', 'Submit Description', 'Description', '2010-09-27 03:07:04'),
(729, 'fr', 'directory', 'Submit Keywords', 'Mots-clés', '2010-09-27 03:07:04'),
(730, 'fr', 'directory', 'Submit Title', 'Titre', '2010-09-27 03:07:04'),
(731, 'fr', 'directory', 'Website Category', 'Catégorie', '2010-09-27 03:07:04'),
(732, 'fr', 'directory', 'Website Url', 'URL du site', '2010-09-27 03:07:04'),
(733, 'fr', 'keyword', 'Crawling keyword', 'Mot clé exploré', '2010-09-28 02:14:07'),
(734, 'fr', 'keyword', 'Detailed Keyword Position Reports', 'Rapports détaillés de position sur mot-clé', '2010-09-28 02:14:07'),
(735, 'fr', 'keyword', 'Edit Keyword', 'Editer le mot-clé', '2010-09-28 02:14:07'),
(736, 'fr', 'keyword', 'Graphical Keyword Position Reports', 'Rapport graphique de position sur mot-clé', '2010-09-28 02:14:07'),
(737, 'fr', 'keyword', 'Import Keywords', 'Importer les mots-clés', '2010-09-28 02:14:07'),
(738, 'fr', 'keyword', 'Keyword already exist', 'Le mot-clé existe déjà', '2010-09-28 02:14:07'),
(739, 'fr', 'keyword', 'Keyword Position Report', 'Rapport de position sur mot-clé', '2010-09-28 02:14:07'),
(740, 'fr', 'keyword', 'New Keyword', 'Nouveau mot-clé', '2010-09-28 02:14:07'),
(741, 'fr', 'keyword', 'not assigned to required search engines', 'non assigné aux moteurs de recherches requis', '2010-09-28 02:14:07'),
(742, 'fr', 'keyword', 'pleaseselecttool', 'Merci de sélectionner au moins un outil Seo', '2010-09-28 02:14:07'),
(743, 'fr', 'keyword', 'Quick Keyword Position Checker', 'Contrôle rapide de position sur mot-clé', '2010-09-28 02:14:07'),
(744, 'fr', 'keyword', 'results from ', 'résultats de', '2010-09-28 02:14:07'),
(745, 'fr', 'keyword', 'Show All results', 'Afficher tous les résultats', '2010-09-28 02:14:07'),
(746, 'fr', 'keyword', 'Successfully crawled keyword', 'Exploration réussie du mot-clé', '2010-09-28 02:14:07'),
(747, 'fr', 'keyword', 'to create new keywords', 'pour créer de nouveaux mots-clés', '2010-09-28 02:14:07'),
(748, 'fr', 'proxy', 'Edit Proxy', 'Editer le proxy', '2010-09-28 02:15:23'),
(749, 'fr', 'proxy', 'Proxy Password', 'Mot de passe', '2010-09-28 02:15:23'),
(750, 'fr', 'proxy', 'Proxy Username', 'Nom d\\''utilisateur', '2010-09-28 02:15:23'),
(751, 'fr', 'proxy', 'Proxyalreadyexist', 'Le proxy existe déjà !', '2010-09-28 02:15:23'),
(752, 'fr', 'rank', 'enterurlproceed', 'Indiquez <b>une URL par ligne</b>. Cliquer sur <b>Valider</b> pour vérifier les rangs Google et Alexa.', '2010-09-28 02:16:21'),
(753, 'fr', 'rank', 'Google and Alexa Rank Reports', 'Rapport de rangs Google et Alexa', '2010-09-28 02:16:21'),
(754, 'fr', 'rank', 'Saved rank results of', 'Résultats sauvegardés', '2010-09-28 02:16:21'),
(755, 'fr', 'saturation', 'clickproceedsaturation', 'Indiquez <b>une URL par ligne</b>. Cliquez sur <b>valider</b> pour vérifier les résultats de saturation des moteurs de recherche.', '2010-09-28 02:18:11'),
(756, 'fr', 'saturation', 'GenerateSaturationReports', 'Générer les rapports de saturation de moteur de recherche', '2010-09-28 02:18:11'),
(757, 'fr', 'saturation', 'Quick Search Engine Saturation Checker', 'Contrôle rapide de saturation des moteurs de recherche', '2010-09-28 02:18:11'),
(758, 'fr', 'saturation', 'Saved Search Engine Saturation results of', 'Résultats sauvegardés', '2010-09-28 02:18:11'),
(759, 'fr', 'saturation', 'Search Engine Saturation Reports', 'Rapports de saturation des moteurs de recherche', '2010-09-28 02:18:11'),
(760, 'fr', 'seotools', 'Automatic Submission', 'Soumission automatisée', '2010-09-28 02:25:46'),
(761, 'fr', 'seotools', 'backlink-checker', 'Contrôle des liens retour', '2010-09-28 02:25:46'),
(762, 'fr', 'seotools', 'Backlinks Reports', 'Rapports sur les liens retour', '2010-09-28 02:25:46');
INSERT INTO `texts` (`id`, `lang_code`, `category`, `label`, `content`, `changed`) VALUES
(763, 'fr', 'seotools', 'Check Submission Status', 'Vérifier le statut de la soumission', '2010-09-28 02:25:46'),
(764, 'fr', 'seotools', 'clickgeneratereports', 'Cliquer sur <b>Valider</b> pour générer les rapports', '2010-09-28 02:25:46'),
(765, 'fr', 'seotools', 'Detailed Position Reports', 'Rapports détaillés de position', '2010-09-28 02:25:46'),
(766, 'fr', 'seotools', 'directory-submission', 'Soumission annuaire', '2010-09-28 02:25:46'),
(767, 'fr', 'seotools', 'Featured Submission', 'Soumission active', '2010-09-28 02:25:46'),
(768, 'fr', 'seotools', 'Generate Backlinks Reports', 'Générer les rapports de liens retour', '2010-09-28 02:25:46'),
(769, 'fr', 'seotools', 'Generate Keyword Reports', 'Générer les rapports sur le mot-clé', '2010-09-28 02:25:46'),
(770, 'fr', 'seotools', 'Generate Rank Reports', 'Générer les rapports de rangs', '2010-09-28 02:25:46'),
(771, 'fr', 'seotools', 'Generate Saturation Reports', 'Générer les rapports de saturation', '2010-09-28 02:25:46'),
(772, 'fr', 'seotools', 'Google Sitemap Generator', 'Générateur de sitemap Google', '2010-09-28 02:25:46'),
(773, 'fr', 'seotools', 'Graphical Position Reports', 'Rapports graphiques de position', '2010-09-28 02:25:46'),
(774, 'fr', 'seotools', 'Keyword Position Summary', 'Résumé de position sur mot-clé', '2010-09-28 02:25:46'),
(775, 'fr', 'seotools', 'keyword-position-checker', 'Contrôle de position sur mot-clé', '2010-09-28 02:25:46'),
(776, 'fr', 'seotools', 'Keywords Manager', 'Gestionnaire de mots-clés', '2010-09-28 02:25:46'),
(777, 'fr', 'seotools', 'Quick Backlinks Checker', 'Contrôle rapide des liens retour', '2010-09-28 02:25:46'),
(778, 'fr', 'seotools', 'Quick Position Checker', 'Contrôle rapide de position', '2010-09-28 02:25:46'),
(779, 'fr', 'seotools', 'Quick Rank Checker', 'Contrôle rapide de rang', '2010-09-28 02:25:46'),
(780, 'fr', 'seotools', 'Quick Saturation Checker', 'Contrôle rapide de saturation', '2010-09-28 02:25:46'),
(781, 'fr', 'seotools', 'Rank Reports', 'Rapports de rang', '2010-09-28 02:25:46'),
(782, 'fr', 'seotools', 'rank-checker', 'Contrôle de rang', '2010-09-28 02:25:46'),
(783, 'fr', 'seotools', 'Saturation Reports', 'Rapports de saturation', '2010-09-28 02:25:46'),
(784, 'fr', 'seotools', 'saturation-checker', 'Saturation de moteur de recherche', '2010-09-28 02:25:46'),
(785, 'fr', 'seotools', 'sitemap-generator', 'Générateur de Sitemap', '2010-09-28 02:25:46'),
(786, 'fr', 'seotools', 'Skipped Directories', 'Annuaires non traités', '2010-09-28 02:25:46'),
(787, 'fr', 'seotools', 'Submission Reports', 'Rapports de soumission', '2010-09-28 02:25:46'),
(788, 'fr', 'seotools', 'User Access', 'Accès utilisateur', '2010-09-28 02:25:46'),
(789, 'fr', 'support', 'support_cont1', '<fieldset>\r\n<legend>Support Seo Panel</legend>\r\n<ul class=\\"infobox\\">\r\n    <li>\r\n        <h1>Pack de 1000 annuaires</h1> \r\n        <p>\r\n            Nous pouvons vous fournir un pack de <b>1000 annuaires gratuits, actifs et vérifiés</b>, à ajouter à votre Seo Panel.\r\n            Cela vous aidera à <b>augmenter les liens retour</b> vers vos sites.<br/>\r\n            Ce pack a été créé pour <b>financer les prochains dévelopements</b> de Seo Panel.<br/>\r\n            Pour obtenir le pack, merci de <a href=\\"<?=SP_DONATE_LINK?>\\" target=\\"_blank\\">donner</a> 10$ ou plus, pour aider à améliorer Seo Panel.<br>\r\n            Si vous avez des questions sur ce pack de 1000 annuaires, n\\''hésitez pas à <a href=\\"<?=SP_CONTACT_LINK?>\\" target=\\"_blank\\">nous contacter</a> ou à <a href=\\"<?=SP_SUPPORT_LINK?>\\" target=\\"_blank\\">ouvrir un ticket</a>.\r\n        </p>        \r\n        <p>\r\n            <a href=\\"<?=SP_DONATE_LINK?>\\" target=\\"_blank\\">Cliquer ici pour aider à financer Seo Panel.</a>\r\n        </p>\r\n        <br>\r\n    </li>\r\n    \r\n    <li>\r\n        <h1>Pack de moteurs de recherche locaux</h1> \r\n        <p>\r\n            Ajoutez les moteurs de recherche locaux de Google, Yahoo, MSN (<b>ex: www.google.fr, www.yahoo.fr, ...</b>) au <b>contrôle de position sur mot-clé</b>, pour suivre le référencement local de vos sites.<br/>\r\n            Pour obtenir le pack de moteurs de recherche locaux (en fonction de vos besoins), merci de <a href=\\"<?=SP_DONATE_LINK?>\\" target=\\"_blank\\">donner</a> 10$ ou plus pour aider à améliorer Seo Panel.<br/>\r\n            Avant de faire le don, merci de <a href=\\"<?=SP_CONTACT_LINK?>\\" target=\\"_blank\\">nous contacter</a> afin de nous communiquer la liste des moteurs de recherche souhaités.<br><br>\r\n            Si vous souhaitez ajouter de <b>nouveaux moteurs de recherches</b> à votre suivi de position sur mot-clé Seo Panel, merci de <a href=\\"<?=SP_CONTACT_LINK?>\\" target=\\"_blank\\">nous contacter</a> ou d\\''<a href=\\"<?=SP_SUPPORT_LINK?>\\" target=\\"_blank\\">ouvrir un ticket</a>.\r\n        </p>        \r\n        <p class=\\"visit\\">\r\n            <a href=\\"<?=SP_CONTACT_LINK?>\\" target=\\"_blank\\">Cliquer ici pour nous contacter.</a>\r\n        </p>\r\n        <br>\r\n    </li>\r\n    \r\n    <li>\r\n        <h1>Plugins Seo Panel</h1> \r\n        <p>\r\n           Ajouter des <b>plugins</b> à votre Seo Panel, afin d\\''ajouter de <b>nouvelles fonctionnalités</b>, selon vos besoins.<br/>\r\n           Les <a href=\\"<?=SP_PLUGINSITE?>\\" target=\\"_blank\\">plugins Seo Panel</a> sont disponibles via Seo Panel, ou des tiers.<br/>\r\n           Vous pouvez facilement <b>développer</b> des plugins pour votre Seo Panel, et <a href=\\"<?=SP_PLUGINSITE?>\\" target=\\"_blank\\">soumettre vos plugins</a> sur le site Seo Panel, où ils seront publiés après <b>validation</b>. \r\n        </p>        \r\n        <p>\r\n            <a href=\\"<?=SP_PLUGINSITE?>\\" target=\\"_blank\\">Cliquer ici pour obtenir les plugins disponibles.</a>\r\n        </p>\r\n        <br>\r\n    </li>    \r\n    <li>\r\n        <h1>Nous contacter</h1> \r\n        <p>\r\n            N\\''hésitez pas à nous contacter à propos des <b>outils, plugins et fonctionnalités de Seo Panel</b> en utilisant le lien ci-dessous.\r\n        </p>        \r\n        <p>\r\n            <a href=\\"<?=SP_CONTACT_LINK?>\\" target=\\"_blank\\">Cliquer ici pour nous contacter.</a>\r\n        </p>\r\n        <br>\r\n    </li>    \r\n    <li>\r\n        <h1>Tickets de Support</h1> \r\n        <p>\r\n            Pour obtenir un <b>support technique</b> de l\\''équipe Seo Panel sur l\\''<b>installation de Seo Panel, des outils ou des plugins</b>. Ex.: Configurer l\\''exécution périodique (cron) du contrôle de position sur mot-clé, résoudre un dysfonctionnement post-installation, ...\r\n        </p>        \r\n        <p>\r\n            <a href=\\"<?=SP_SUPPORT_LINK?>\\" target=\\"_blank\\">Cliquer ici pour ouvrir un ticket de support technique.</a>\r\n        </p>\r\n        <br>\r\n    </li>    \r\n    <li>\r\n        <h1>Signaler un bug</h1> \r\n        <p>\r\n            Signalez les <b>bugs</b> de <b>Seo Panel, des outils ou des plugins</b> en utilisant le lien ci-dessous.<br/>\r\n            Cela nous aidera à améliorer les prochaines versions.\r\n        </p>        \r\n        <p>\r\n            <a href=\\"<?=SP_SUPPORT_LINK?>\\" target=\\"_blank\\">Cliquer ici pour signaler un bug.</a>\r\n        </p>\r\n        <br>\r\n    </li>    \r\n</ul>\r\n</fieldset>', '2010-09-28 03:36:44'),
(790, 'fr', 'support', 'support_cont2', '<fieldset>\r\n<legend>Seo Panel - Ressources en ligne</legend>\r\n<ul class=\\"infobox\\">\r\n        \r\n    <li>\r\n        <h1>L\\''aide Seo Panel</h1> \r\n        <p>\r\n            Vous pouvez consulter la <a href=\\"<?=SP_HELP_LINK?>\\" target=\\"_blank\\">documentation</a> pour Seo Panel, ses fonctionnalités, ainsi que les outils et plugins.\r\n            <br>C\\''est le meilleur endroit pour <b>avoir de l\\''aide</b> sur Seo Panel. Nous espérons que vous pourrez <b>contribuer</b> au guide Seo Panel, si vous trouvez des erreurs ou des choses qui manquent.\r\n        </p>\r\n        <p>\r\n            <a href=\\"<?=SP_HELP_LINK?>\\" target=\\"_blank\\">Cliquer ici pour voir l\\''aide Seo Panel.</a>\r\n        </p>\r\n        <br>\r\n    </li>    \r\n    <li>\r\n        <h1>Le forum Seo Panel</h1> \r\n        <p>\r\n            Un endroit où discuter du <b>premier panneau de contrôle Seo en open source au monde</b>.<br>C\\''est le meilleur endroit pour trouver des <b>réponses</b> à <b>vos questions</b> à propos de Seo Panel.<br>Vous pouvez aussi y <b>partager vos expériences</b> afin d\\''optimiser le référencement de vos sites internet.\r\n        </p>        \r\n        <p>\r\n            <a href=\\"<?=SP_FORUM_LINK?>\\" target=\\"_blank\\">Cliquer ici pour aller sur le forum Seo Panel</a>\r\n        </p>\r\n        <br>\r\n    </li>\r\n</ul>    \r\n</fieldset>', '2010-09-28 03:36:44'),
(791, 'fr', 'support', 'support_cont3', '<fieldset>\r\n<legend>Dons pour Seo Panel</legend>\r\n<ul class=\\"infobox\\">        \r\n    <li>\r\n        <h1>Donnez pour Seo Panel - Le premier panneau de contr&ocirc;le open source Seo au monde</h1> \r\n        <p>\r\n            <b>Donnez</b> &agrave; Seo Panel pour financer le premier panneau de contr&ocirc;le open source Seo au monde.<br/>\r\n            Nous pr&eacute;voyons bien sur des <b>ajouts et am&eacute;liorations</b> des fonctionnalit&eacute;s de Seo Panel, et gr&acirc;ce &agrave; votre support, nous pourrons atteindre les <b>buts fix&eacute;s</b>.\r\n            Si <b>vous appr&eacute;ciez Seo Panel</b>, merci de <b>faire un don</b> &agrave; l\\''&eacute;quipe Seo Panel afin d\\''aider &agrave; financer son d&eacute;veloppement.<br/>\r\n            D&egrave;s r&eacute;ception de votre don, nous publierons, avec votre accord, votre nom et votre site sur la <a href=\\"<?=SP_DONATE_LINK?>\\" target=\\"_blank\\">page de dons</a>.\r\n            \r\n            \r\n        </p>\r\n        <p>\r\n            <a href=\\"<?=SP_DONATE_LINK?>\\" target=\\"_blank\\">Cliquer ici pour faire un don</a>\r\n        </p>\r\n        <br>\r\n    </li>\r\n</ul>\r\n</fieldset>', '2010-09-28 03:36:44'),
(792, 'es', 'common', 'Keywords', 'Palabras clave', '2010-09-28 23:11:23'),
(793, 'es', 'keyword', 'Import Keywords', 'Palabras clave de importación', '2010-09-28 23:12:32'),
(794, 'es', 'keyword', 'to create new keywords', 'para crear nuevas palabras clave', '2010-09-28 23:12:32'),
(795, 'es', 'label', 'already exist', 'ya existen', '2010-09-28 23:13:50'),
(796, 'es', 'label', 'Click Here', 'Haga clic aquí', '2010-09-28 23:13:50'),
(797, 'es', 'label', 'Developers', 'Desarrolladores', '2010-09-28 23:13:50'),
(798, 'es', 'label', 'Sponsors', 'Patrocinadores', '2010-09-28 23:13:50'),
(799, 'es', 'label', 'Translators', 'Traductores', '2010-09-28 23:13:50'),
(800, 'es', 'panel', 'About Us', 'Quiénes somos', '2010-09-28 23:14:13'),
(801, 'es', 'settings', 'Click here to become a sponsor for Seo Panel', '<b>Donar $100</b> y convertido en un <b>sponsor</b> de Seo Panel.', '2010-09-29 01:32:15'),
(802, 'es', 'settings', 'SP_DEFAULTLANG', 'Idioma por defecto', '2010-09-29 01:32:15'),
(803, 'de', 'button', 'Cancel', 'Abbrechen', '2010-09-29 20:22:15'),
(804, 'de', 'button', 'Check Status', 'Status pruefen', '2010-09-29 20:22:15'),
(805, 'de', 'button', 'Proceed', 'Starten', '2010-09-29 20:22:15'),
(806, 'de', 'button', 'Reload', 'Neu laden', '2010-09-29 20:22:15'),
(807, 'de', 'button', 'Show Details', 'Details zeigen', '2010-09-29 20:22:15'),
(808, 'de', 'button', 'Show Records', 'Aufzeichnungen anzeigen', '2010-09-29 20:22:15'),
(809, 'de', 'button', 'Skip', 'Ueberspringen', '2010-09-29 20:22:15'),
(810, 'de', 'button', 'Submit', 'Uebermitteln', '2010-09-29 20:22:15'),
(811, 'de', 'common', 'Action', 'Aktion', '2010-09-29 19:26:36'),
(812, 'de', 'common', 'Activate', 'Aktivieren', '2010-09-29 19:26:36'),
(813, 'de', 'common', 'Admin Panel', 'Admin Bereich', '2010-09-29 19:26:36'),
(814, 'de', 'common', 'Alexa Rank', 'Alexa Rank', '2010-09-29 19:26:36'),
(815, 'de', 'common', 'All', 'Alle', '2010-09-29 19:26:36'),
(816, 'de', 'common', 'Category', 'Kategorie', '2010-09-29 19:26:36'),
(817, 'de', 'common', 'contact', 'Kontakt', '2010-09-29 19:26:36'),
(818, 'de', 'common', 'copyright', 'Copyright © [year] www.seopanel.in Alle Rechte vorbehalten', '2010-09-29 19:26:36'),
(819, 'de', 'common', 'Country', 'Land', '2010-09-29 19:26:36'),
(820, 'de', 'common', 'Crawl Meta Data', 'Meta Daten abrufen', '2010-09-29 19:26:36'),
(821, 'de', 'common', 'Details', 'Details', '2010-09-29 19:26:36'),
(822, 'de', 'common', 'Directory', 'Verzeichnis', '2010-09-29 19:26:36'),
(823, 'de', 'common', 'Donate', 'Spenden', '2010-09-29 19:26:36'),
(824, 'de', 'common', 'Entry cannot be blank', 'Eintrag kann nicht leer gelassen werden', '2010-09-29 19:26:36'),
(825, 'de', 'common', 'entrynotvalid', 'Das Eingetragene scheint nicht zu stimmen', '2010-09-29 19:26:36'),
(826, 'de', 'common', 'failed', 'fehlgeschlagen', '2010-09-29 19:26:36'),
(827, 'de', 'common', 'forum', 'Forum', '2010-09-29 19:26:36'),
(828, 'de', 'common', 'Found', 'gefunden', '2010-09-29 19:26:36'),
(829, 'de', 'common', 'Google Pagerank', 'Google Pagerank', '2010-09-29 19:26:36'),
(830, 'de', 'common', 'help', 'Hilfe', '2010-09-29 19:26:36'),
(831, 'de', 'common', 'hidenews', 'SEO Panel News verbergen', '2010-09-29 19:26:36'),
(832, 'de', 'common', 'Id', 'Id', '2010-09-29 19:26:36'),
(833, 'de', 'common', 'Inactivate', 'Deaktiviert', '2010-09-29 19:26:36'),
(834, 'de', 'common', 'Inactive', 'Inaktiv', '2010-09-29 19:26:36'),
(835, 'de', 'common', 'Invalid characters', 'ungueltige Zeichen', '2010-09-29 19:26:36'),
(836, 'de', 'common', 'Invalid code entered', 'ungueltigen Code angegeben', '2010-09-29 19:26:36'),
(837, 'de', 'common', 'Invalid email address entered', 'ungueltige Mailadresse angegeben', '2010-09-29 19:26:36'),
(838, 'de', 'common', 'Invalid value', 'ungueltiger Wert', '2010-09-29 19:26:36'),
(839, 'de', 'common', 'Keyword', 'Keyword', '2010-09-29 19:26:36'),
(840, 'de', 'common', 'Keywords', 'Keywords', '2010-09-29 19:26:36'),
(841, 'de', 'common', 'My Account', 'Mein Account', '2010-09-29 19:26:36'),
(842, 'de', 'common', 'Name', 'Name', '2010-09-29 19:26:36'),
(843, 'de', 'common', 'No Keywords Found', 'Keine Keywords gefunden', '2010-09-29 19:26:36'),
(844, 'de', 'common', 'No Records Found', 'Keine Aufzeichnungen gefunden', '2010-09-29 19:26:36'),
(845, 'de', 'common', 'noactivetools', 'Keine aktiven SEO Tools gefunden!', '2010-09-29 19:26:36'),
(846, 'de', 'common', 'nowebsites', 'Keine Webseiten gefunden', '2010-09-29 19:26:36'),
(847, 'de', 'common', 'password632', 'Das Passwort sollte aus 6-32 Zeichen bestehen', '2010-09-29 19:26:36'),
(848, 'de', 'common', 'passwordnotmatch', 'Die Passwoerter stimmen nicht ueberein', '2010-09-29 19:26:36'),
(849, 'de', 'common', 'Period', 'Periode', '2010-09-29 19:26:36'),
(850, 'de', 'common', 'Priority', 'Prioritaet', '2010-09-29 19:26:36'),
(851, 'de', 'common', 'Reports', 'Berichte', '2010-09-29 19:26:36'),
(852, 'de', 'common', 'Results', 'Ergebnisse', '2010-09-29 19:26:36'),
(853, 'de', 'common', 'Search Engine', 'Suchmaschine', '2010-09-29 19:26:36'),
(854, 'de', 'common', 'Seo Plugins', 'SEO Erweiterungen', '2010-09-29 19:26:36'),
(855, 'de', 'common', 'Seo Tools', 'SEO Werkzeuge', '2010-09-29 19:26:36'),
(856, 'de', 'common', 'Sign out', 'Ausloggen', '2010-09-29 19:26:36'),
(857, 'de', 'common', 'Sign Up', 'Registrieren', '2010-09-29 19:26:36'),
(858, 'de', 'common', 'signin', 'Einloggen', '2010-09-29 19:26:36'),
(859, 'de', 'common', 'Status', 'Status', '2010-09-29 19:26:36'),
(860, 'de', 'common', 'Support', 'Hilfe', '2010-09-29 19:26:36'),
(861, 'de', 'common', 'Url', 'URL', '2010-09-29 19:26:36'),
(862, 'de', 'common', 'User', 'Benutzer', '2010-09-29 19:26:36'),
(863, 'de', 'common', 'User Panel', 'Benutzer Bereich', '2010-09-29 19:26:36'),
(864, 'de', 'common', 'Website', 'Webseite', '2010-09-29 19:26:36'),
(865, 'de', 'directory', 'Add back to directory list', 'Zur Verzeichnis Liste hinzufuegen', '2010-09-29 19:37:14'),
(866, 'de', 'directory', 'Approved', 'Bestaetigt', '2010-09-29 19:37:14'),
(867, 'de', 'directory', 'Captcha', 'Captcha', '2010-09-29 19:37:14'),
(868, 'de', 'directory', 'categorynote', 'Kategorien, durch Komma getrennt. Sortiert nach Wichtigkeit.', '2010-09-29 19:37:14'),
(869, 'de', 'directory', 'Check Directory Status', 'Verzeichnis Status ueberpruefen', '2010-09-29 19:37:14'),
(870, 'de', 'directory', 'Check Directory Submission Status', 'Verzeichnis Eintragungs Status ueberpruefen', '2010-09-29 19:37:14'),
(871, 'de', 'directory', 'clicktoproceeddirsts', 'Auf <b>Starten</b> klicken um Verzeichnis Status zu ueberpruefen.', '2010-09-29 19:37:14'),
(872, 'de', 'directory', 'Confirmation', 'Bestaetigung', '2010-09-29 19:37:14'),
(873, 'de', 'directory', 'desnote', 'Einige Verzeichnisse verlangen mindestens 150 Zeichen als Beschreibung', '2010-09-29 19:37:14'),
(874, 'de', 'directory', 'Directories with out captcha', 'Verzeichnisse ohne Captcha Abfrage', '2010-09-29 19:37:14'),
(875, 'de', 'directory', 'Directory Submission Reports', 'Verzeichnis Eintragungs Berichte', '2010-09-29 19:37:14'),
(876, 'de', 'directory', 'Enter the code shown', 'Gib den angezeigten Code ein', '2010-09-29 19:37:14'),
(877, 'de', 'directory', 'nocatnote', 'Die gewuenschte Kategorie exestiert nicht in diesem Verzeichnis. Klick <b>Neu laden</b> oder <b>Ueberspringen</b>  	 ', '2010-09-29 19:37:14'),
(878, 'de', 'directory', 'nodirnote', 'Keine <b>aktiven</b> Verzeichnisse gefunden', '2010-09-29 19:37:14'),
(879, 'de', 'directory', 'nosuccessnote', 'Keine Bestaetigung erhalten - Bitte im Email Postfach nach der Bestaetigungsmail schauen.', '2010-09-29 19:37:14'),
(880, 'de', 'directory', 'optionalnote', 'Optional verschiedene Beschreibungen und Titel angeben um bessere Ergebnisse zu erhalten.', '2010-09-29 19:37:14'),
(881, 'de', 'directory', 'Owner Email', 'Besitzer Email', '2010-09-29 19:37:14'),
(882, 'de', 'directory', 'Owner Name', 'Besitzer Name', '2010-09-29 19:37:14'),
(883, 'de', 'directory', 'Pending', 'Wartend..', '2010-09-29 19:37:14'),
(884, 'de', 'directory', 'Please select a website to proceed', 'Bitte Webseite auswaehlen um fortzufahren', '2010-09-29 19:37:14'),
(885, 'de', 'directory', 'selectwebsiteproceed', 'Waehle eine <b>Webseite</b> und <b>Starte</b> die Verzeichnis Eintragung.<br>Setze einen Haken bei <b>Verzeichnisse ohne Captcha Abfrage</b> um Verzeichnisse mit Captcha Abfrage zu ueberspringen.', '2010-09-29 19:37:14'),
(886, 'de', 'directory', 'selectwebsiteschecksub', 'Waehle eine <b>Webseite</b> und <b>Starte</b> die Verzeichnis Eintragungs Ueberpruefung.', '2010-09-29 19:37:14'),
(887, 'de', 'directory', 'Semi Automatic Directory Submission Tool', 'Semi Automatisches Verzeichnis Eintragungs Tool', '2010-09-29 19:37:14'),
(888, 'de', 'directory', 'spamemailnote', 'Einige Verzeichnisse versenden SPAM, wir empfehelen nicht die echte Mailadresse anzugeben.', '2010-09-29 19:37:14'),
(889, 'de', 'directory', 'Submission Details', 'Eintragungs Details', '2010-09-29 19:37:14'),
(890, 'de', 'directory', 'Submit Description', 'Beschreibung uebertragen', '2010-09-29 19:37:14'),
(891, 'de', 'directory', 'Submit Keywords', 'Keywords uebertragen', '2010-09-29 19:37:14'),
(892, 'de', 'directory', 'Submit Title', 'Title uebertragen', '2010-09-29 19:37:14'),
(893, 'de', 'directory', 'Website Category', 'Webseiten Kategorie', '2010-09-29 19:37:14'),
(894, 'de', 'directory', 'Website Url', 'Webseiten URL', '2010-09-29 19:37:14'),
(895, 'de', 'home', 'Account Summary', 'Account Zusammenfassung', '2010-09-29 23:04:46'),
(896, 'de', 'home', 'Backlinks', 'Backlinks', '2010-09-29 23:04:46'),
(897, 'de', 'home', 'Directory Submission', 'Verzeichnis Eintragung', '2010-09-29 23:04:46'),
(898, 'de', 'home', 'home_cont1', '<h1 style=\\"text-align: center;margin-bottom: 30px;font-size: 19px;\\">Willkommen im SEO Panel - Das weltweit erste SEO Kontroll Panel fuer multiple Webseiten</h1>\r\n        <p>\r\n            Ein komplettes <b>Open Source SEO Panel</b> zur <b>Suchmaschinenoptimierung</b> deiner Webseiten.\r\n            Das SEO Panel ist ein <b>SEO Tool Kit</b> mit den wichtigsten Funktionen um die <b>Suchmaschinenoptimierung</b> deiner Eebseiten zu\r\n<b>beobachten und verbessern</b>.\r\n            Es handelt sich um <b>kostenlose Software</b> erschienen unter der <b>GNU GENERAL PUBLIC LICENSE</b>.\r\n            Die Hauptfunktion von SEO Panel ist die <b>Erweiterungsfaehigkeit</b> durch das Nutzen von <a href=\\"<?=SP_PLUGINSITE?>\\"\r\ntarget=\\"_blank\\">SEO Erweiterungen</a>.\r\n            Jeder kann ganz einfach weitere Erweiterungen fuer das SEO Panel <b>entwickeln und installieren</b>. \r\n        </p>\r\n        <p></p>\r\n        <p>\r\n            Diese Open Source Software wurde <b>im Januar 2010 veroeffentlicht</b>.\r\n            In diesem <b>kurzen Zeitraum</b> haben sich bereits <b>Tausende</b> von <b>Webmastern</b> gefunden, die diese Software nutzen um Ihre Webseiten zu <b>optimieren</b>.\r\n            Beginne noch heute, das SEO Panel zu nutzen und <b>geniesse</b> die Vorteile, alles SEO-technische in einer <b>einzigen Platform</b> wiederzufinden.\r\n        </p>', '2010-09-29 23:04:46'),
(899, 'de', 'home', 'home_cont2', '<fieldset>\r\n<legend>Hauptfunkrionen des SEO Panel <?=SP_INSTALLED?></legend>\r\n<ul class=\\"infobox\\">\r\n    <li>        \r\n        <h1>Automatisches Webkatalog Eintragungs Tool</h1>\r\n		<p>\r\n			Das automatische Webverzeichnis Eintragungs Tool ermoeglicht <b>die Eintragung</b> in die wichtigsten <b>kostenlosen und kostenpflichtigen Webkataloge</b>.\r\n			Ausserdem kann der <b>Status jeder Eintragung periodisch ueberprueft werden</b> mithilfe des <b>Status Checker Skripts</b>.\r\n			Der <b>Directory manager</b> ermoeglicht herauszufinden welches <b>Verzeichnis aktiv ist</b> und welches nicht.\r\n		</p>\r\n    </li>\r\n    <li>        \r\n        <h1>Keyword Positions Checker</h1>\r\n		<p>\r\n			Der Keyword Positions Checker findet die <b>Suchmaschinenposition</b> von <b>bestimmten keywords</b> deiner Webseite und <b>speichert</b> diese im System.\r\n			So kann man im Report Bereich das <b>taegliche Ranking</b> von keywords in verschiedenen Suchmaschinen <b>grafisch</b> und <b>detailliert</b> darstellen.\r\n		</p>\r\n    </li>\r\n    <li>        \r\n        <h1>Sitemap Generator</h1>\r\n		<p>Kinderleicht <b>XML,HTML,TEXT</b> Sitemap Dateien fuer beliebige Webseiten erstellen zur <b>Uebertragung</b> an Suchmaschinen.</p>\r\n    </li>\r\n    <li>        \r\n        <h1>Google und Alexa Rank Checker</h1>\r\n		<p>\r\n			Der Google and Alexa Rank Checker zeigt den <b>Google Pagerank</b> und <b>Alexa Rank</b> deiner Webseiten und <b>speichert</b> diesen im System.\r\n			Im <b>Rank Berichte</b> Bereich lassen sich <b>taeglich</b> dafuer <b>detaillierte Berichte</b> erstellen.\r\n		</p>\r\n    </li>\r\n    <li>        \r\n        <h1>Backlink Checker</h1>\r\n		<p>\r\n			Der Backlink Checker findet die <b>Anzahl an Backlinks</b> deiner Webseite in diversen Suchmaschinen<b>(google,yahoo,msn etc)</b> und <b>speichert</b> sie im System.\r\n			<br>Im <b>Backlink Berichte</b> Bereich lassen sich <b>taeglich</b> fuer jede Webseite <b>detaillierte Berichte</b> erstellen.\r\n		</p>\r\n    </li>    \r\n    <li>        \r\n        <h1>Suchmaschinensichtbarkeits Checker</h1>\r\n		<p>\r\n			Der Suchmaschinensichtbarkeits Checker findet die <b>Anzahl der indizerten Seiten</b> deiner Webseiten in diversen Suchmaschinen<b>(google,yahoo,msn etc)</b> und <b>speichert</b> sie im System.\r\n			Im <b>Suchmaschinensichtbarkeits Berichte</b> Bereich lassen sich <b>taeglich</b> fuer jede Webseite <b>detaillierte Berichte</b> erstellen.\r\n		</p>\r\n    </li>\r\n    <li>        \r\n        <h1>SEO Panel Erweiterungen</h1>\r\n        <p>\r\n            Eine  <b>Hauptfunktion</b> des SEO Panel ist die <b>Erweiterungsfaehigkeit</b>.\r\n            Entwickle oder installiere <b>SEO Erweiterungen</b> in deinem eigenen SEO Panel um die <b>Funktionen zu erweitern</b>, dass Sie deine Anforderungen erfuellen.\r\n            <a href=\\"<?=SP_PLUGINSITE?>\\" target=\\"_blank\\">Seo Panel Erweiterungen</a> werden angeboten vom SEO Panel Team und von Dritten.\r\n            Du kannst auch einfach eigene SEO Erweiterungen fuer dein SEO Panel <b>entwickeln</b>.\r\n            Du kannst ausserdem deine SEO Erweiterung <a href=\\"<?=SP_PLUGINSITE?>\\" target=\\"_blank\\">an die Entwickler schicken</a> und es wird auf der SEO Panel Webseite <b>veroeffentlicht</b>, nachdem es <b>ueberprueft</b> wurde.\r\n        </p>\r\n    </li>\r\n    <li>        \r\n        <h1>Meta Tag Generator</h1>\r\n		<p>\r\n			Der Meta Tag Generator ist eine <b>Seo Panel Erweiterung</b> zum Erstellen von <b>Meta Tags</b> fuer deine Seite.\r\n			Es hilft uns <b>mehr Informationen</b> ueber Webseiten an die <b>Suchmaschinenrobots</b> zu uebermitteln.\r\n		</p>\r\n    </li>\r\n</ul>\r\n</fieldset>', '2010-09-29 23:04:46'),
(900, 'de', 'home', 'home_cont3', '<fieldset>\r\n<legend>SEO Panel Online Ressourcen</legend>    \r\n<ul class=\\"infobox\\">\r\n\r\n    <li>\r\n        <h1>SEO Panel Online Ressourcen zum Nachschlagen</h1>                \r\n        \r\n        \r\n        <p>\r\n            <a href=\\"http://www.seopanel.in\\" target=\\"_blank\\">Offizielle SEO Panel Webseite</a>\r\n        </p>\r\n        <p>\r\n            <a href=\\"<?=SP_DOWNLOAD_LINK?>\\" target=\\"_blank\\">SEO Panel downloaden</a>\r\n        </p>\r\n        \r\n        <p>\r\n            <a href=\\"<?=SP_DEMO_LINK?>\\" target=\\"_blank\\">Seo Panel Demo</a>\r\n        </p>\r\n        \r\n        <p>\r\n            <a href=\\"<?=SP_CONTACT_LINK?>\\" target=\\"_blank\\">Seo Panel Kontakt</a>\r\n        </p>\r\n        \r\n        <p>\r\n            <a href=\\"<?=SP_HELP_LINK?>\\" target=\\"_blank\\">Seo Panel Hilfe</a>\r\n        </p>\r\n        \r\n        <p>\r\n            <a href=\\"<?=SP_FORUM_LINK?>\\" target=\\"_blank\\">Seo Panel Forum</a>\r\n        </p>\r\n        \r\n        <p>\r\n            <a href=\\"<?=SP_SUPPORT_LINK?>\\" target=\\"_blank\\">Seo Panel Support System</a>\r\n        </p>\r\n        \r\n        <p>\r\n            <a href=\\"<?=SP_DONATE_LINK?>\\" target=\\"_blank\\">Fuer SEO Panel spenden</a>\r\n        </p>\r\n    </li>\r\n    \r\n</ul>\r\n</fieldset>', '2010-09-29 23:04:46'),
(901, 'de', 'home', 'Pages Indexed', 'Indizierte Seiten', '2010-09-29 23:04:46'),
(902, 'de', 'home', 'Ranks', 'Ranks', '2010-09-29 23:04:46'),
(903, 'de', 'home', 'SiteNameUrl', 'Seiten Name / URL', '2010-09-29 23:04:46'),
(904, 'de', 'home', 'Website Statistics', 'Webseiten Statistiken', '2010-09-29 23:04:46'),
(905, 'de', 'keyword', 'Crawling keyword', 'Ueberpruefe Keyword', '2010-09-29 19:52:22'),
(906, 'de', 'keyword', 'Detailed Keyword Position Reports', 'Detaillierte Keyword Ranking Berichte', '2010-09-29 19:52:22'),
(907, 'de', 'keyword', 'Edit Keyword', 'Keyword bearbeiten', '2010-09-29 19:52:22'),
(908, 'de', 'keyword', 'Graphical Keyword Position Reports', 'Grafische Keyword Ranking Berichte', '2010-09-29 19:52:22'),
(909, 'de', 'keyword', 'Import Keywords', 'Keywords importieren', '2010-09-29 19:52:22'),
(910, 'de', 'keyword', 'Keyword already exist', 'Keyword bereits vorhanden', '2010-09-29 19:52:22'),
(911, 'de', 'keyword', 'Keyword Position Report', 'Keyword Ranking Bericht', '2010-09-29 19:52:22'),
(912, 'de', 'keyword', 'New Keyword', 'Neues Keyword', '2010-09-29 19:52:22'),
(913, 'de', 'keyword', 'not assigned to required search engines', 'nicht vertreten in relevanten Suchmaschinen', '2010-09-29 19:52:22'),
(914, 'de', 'keyword', 'pleaseselecttool', 'Waehle bitte mindestens 1 SEO Tool', '2010-09-29 19:52:22'),
(915, 'de', 'keyword', 'Quick Keyword Position Checker', 'Schneller Keyword Ranking Check', '2010-09-29 19:52:22'),
(916, 'de', 'keyword', 'results from ', 'Ergebnisse von', '2010-09-29 19:52:22'),
(917, 'de', 'keyword', 'Show All results', 'ALLE Ergebnisse anzeigen', '2010-09-29 19:52:22'),
(918, 'de', 'keyword', 'Successfully crawled keyword', 'Keyword erfolgreich geprueft', '2010-09-29 19:52:22'),
(919, 'de', 'keyword', 'to create new keywords', 'um neues Keyword zu erstellen', '2010-09-29 19:52:22'),
(920, 'de', 'label', 'already exist', 'bereits vorhanden', '2010-09-29 19:54:00'),
(921, 'de', 'label', 'Authentication', 'Authentifizierung', '2010-09-29 19:54:00'),
(922, 'de', 'label', 'Author', 'Autor', '2010-09-29 19:54:00'),
(923, 'de', 'label', 'Click Here', 'Hier klicken', '2010-09-29 19:54:00'),
(924, 'de', 'label', 'Cron', 'Cronjob', '2010-09-29 19:54:00'),
(925, 'de', 'label', 'Description', 'Beschreibung', '2010-09-29 19:54:00'),
(926, 'de', 'label', 'Developers', 'Entwickler', '2010-09-29 19:54:00'),
(927, 'de', 'label', 'Download', 'Download', '2010-09-29 19:54:00'),
(928, 'de', 'label', 'Installation', 'Installation', '2010-09-29 19:54:00'),
(929, 'de', 'label', 'Keywords', 'Keywords', '2010-09-29 19:54:00'),
(930, 'de', 'label', 'noactiveplugins', 'Keine aktiven SEO Erweiterungen gefunden!', '2010-09-29 19:54:00'),
(931, 'de', 'label', 'Plugin', 'Erweiterung', '2010-09-29 19:54:00'),
(932, 'de', 'label', 'Port', 'Port', '2010-09-29 19:54:00'),
(933, 'de', 'label', 'Proxy', 'Proxy', '2010-09-29 19:54:00'),
(934, 'de', 'label', 'Re-install', 'Neu-Installation', '2010-09-29 19:54:00'),
(935, 'de', 'label', 'Sponsors', 'Sponsoren', '2010-09-29 19:54:00'),
(936, 'de', 'label', 'Title', 'Titel', '2010-09-29 19:54:00'),
(937, 'de', 'label', 'translation by', 'Uebersetzung von', '2010-09-29 19:54:00'),
(938, 'de', 'label', 'Translators', 'Uebersetzer', '2010-09-29 19:54:00'),
(939, 'de', 'label', 'Upgrade', 'Aufstufen', '2010-09-29 19:54:00'),
(940, 'de', 'label', 'Version', 'Version', '2010-09-29 19:54:00'),
(941, 'de', 'login', 'Confirm Password', 'Passwort bestätigen', '2010-09-29 19:58:22'),
(942, 'de', 'login', 'Create my account', 'Meinen Account erstellen', '2010-09-29 19:58:22'),
(943, 'de', 'login', 'Create New Account', 'Neuen Account erstellen', '2010-09-29 19:58:22'),
(944, 'de', 'login', 'Email', 'Email', '2010-09-29 19:58:22'),
(945, 'de', 'login', 'emailexist', 'Email bereits vorhanden!', '2010-09-29 19:58:22'),
(946, 'de', 'login', 'Enter the code as it is shown', 'Gib bitte den angezeigten Code ein', '2010-09-29 19:58:22'),
(947, 'de', 'login', 'First Name', 'Vorname', '2010-09-29 19:58:22'),
(948, 'de', 'login', 'Last Name', 'Nachname', '2010-09-29 19:58:22'),
(949, 'de', 'login', 'Login', 'Einloggen', '2010-09-29 19:58:22'),
(950, 'de', 'login', 'Login incorrect', 'Falsche Login Informationen', '2010-09-29 19:58:22'),
(951, 'de', 'login', 'newaccountsuccess', 'Account erfolgreich registriert!', '2010-09-29 19:58:22'),
(952, 'de', 'login', 'Password', 'Passwort', '2010-09-29 19:58:22'),
(953, 'de', 'login', 'Password incorrect', 'Falsches Passwort', '2010-09-29 19:58:22'),
(954, 'de', 'login', 'Register', 'Registrieren', '2010-09-29 19:58:22'),
(955, 'de', 'login', 'Sign in to your account', 'In Account einloggen', '2010-09-29 19:58:22'),
(956, 'de', 'login', 'User inactive', 'Benutzer inaktiv', '2010-09-29 19:58:22'),
(957, 'de', 'login', 'Username', 'Benutzername', '2010-09-29 19:58:22'),
(958, 'de', 'login', 'usernameexist', 'Benutzername bereits vorhanden!', '2010-09-29 19:58:22'),
(959, 'de', 'panel', 'About Us', 'Ueber Uns', '2010-09-29 20:00:47'),
(960, 'de', 'panel', 'Add following command to your cron tab', 'Folgendes Kommando zum Cronjob hinzufuegen', '2010-09-29 20:00:47'),
(961, 'de', 'panel', 'alsocheckfollowlink', 'Folgenden Link klicken, falls mehr Details benoetigt werden.', '2010-09-29 20:00:47'),
(962, 'de', 'panel', 'Check Directory', 'Verzeichnis prüfen', '2010-09-29 20:00:47'),
(963, 'de', 'panel', 'Cron Command', 'Cronjob Kommando', '2010-09-29 20:00:47'),
(964, 'de', 'panel', 'Directory Manager', 'Verzeichnis Manager', '2010-09-29 20:00:47'),
(965, 'de', 'panel', 'Edit My Profile', 'Profil bearbeiten', '2010-09-29 20:00:47'),
(966, 'de', 'panel', 'My Profile', 'Mein Profil', '2010-09-29 20:00:47'),
(967, 'de', 'panel', 'New Proxy', 'Neue Proxy', '2010-09-29 20:00:47'),
(968, 'de', 'panel', 'New User', 'Neuer Benutzer', '2010-09-29 20:00:47'),
(969, 'de', 'panel', 'New Website', 'Neue Webseite', '2010-09-29 20:00:47'),
(970, 'de', 'panel', 'Proxy Manager', 'Proxy Manager', '2010-09-29 20:00:47'),
(971, 'de', 'panel', 'Report Generation Manager', 'Berichtgenerierungs Manager', '2010-09-29 20:00:47'),
(972, 'de', 'panel', 'Reports Manager', 'Berichte Manager', '2010-09-29 20:00:47'),
(973, 'de', 'panel', 'Seo Plugins Manager', 'SEO Erweiterungen Manager', '2010-09-29 20:00:47'),
(974, 'de', 'panel', 'Seo Tools Manager', 'SEO Tools Manager', '2010-09-29 20:00:47'),
(975, 'de', 'panel', 'System Settings', 'System Einstellungen', '2010-09-29 20:00:47'),
(976, 'de', 'panel', 'User Manager', 'Benutzer Manager', '2010-09-29 20:00:47'),
(977, 'de', 'panel', 'Website Manager', 'Webseiten Manager', '2010-09-29 20:00:47'),
(978, 'de', 'plugin', 'Edit Seo Plugin', 'SEO Erweiterungen bearbeiten', '2010-09-29 20:01:29'),
(979, 'de', 'plugin', 'Plugin Name', 'Name der Erweiterung', '2010-09-29 20:01:29'),
(980, 'de', 'plugin', 'Seo Plugin Details', 'SEO Erweiterung - Details', '2010-09-29 20:01:29'),
(981, 'de', 'proxy', 'Edit Proxy', 'Proxy bearbeiten', '2010-09-29 20:01:56'),
(982, 'de', 'proxy', 'Proxy Password', 'Proxy Passwort', '2010-09-29 20:01:56'),
(983, 'de', 'proxy', 'Proxy Username', 'Proxy Benutzername', '2010-09-29 20:01:56'),
(984, 'de', 'proxy', 'Proxyalreadyexist', 'Proxy bereits vorhanden!', '2010-09-29 20:01:56'),
(985, 'de', 'rank', 'enterurlproceed', '<b>Pro Zeile</b> eine URL angeben. Auf <b>Starten</b> klicken um Google und Alexa Rank zu prüfen', '2010-09-29 20:03:32'),
(986, 'de', 'rank', 'Google and Alexa Rank Reports', 'Google und Alexa Rank Berichte', '2010-09-29 20:03:32'),
(987, 'de', 'rank', 'Saved rank results of', 'Erfolgreich Ergebnisse gespeichert fuer', '2010-09-29 20:03:32'),
(988, 'de', 'saturation', 'clickproceedsaturation', '<b>Pro Zeile</b> eine URL angeben. Auf <b>Starten</b> klicken um Suchmaschinensichtbarkeit zu prüfen', '2010-09-29 20:05:34'),
(989, 'de', 'saturation', 'GenerateSaturationReports', 'Suchmaschinensichtbarkeits Berichte erstellen', '2010-09-29 20:05:34'),
(990, 'de', 'saturation', 'Quick Search Engine Saturation Checker', 'Schneller Suchmaschinensichtbarkeits Check', '2010-09-29 20:05:34'),
(991, 'de', 'saturation', 'Saved Search Engine Saturation results of', 'Erfolgreich Suchmaschinensichtbarkeits Egebnisse gespeichert für', '2010-09-29 20:05:34'),
(992, 'de', 'saturation', 'Search Engine Saturation Reports', 'Suchmaschinensichtbarkeits Berichte', '2010-09-29 20:05:34'),
(993, 'de', 'seotools', 'Automatic Submission', 'Automatische Eintragung', '2010-09-29 20:12:44'),
(994, 'de', 'seotools', 'backlink-checker', 'Backlink Checker', '2010-09-29 20:12:44'),
(995, 'de', 'seotools', 'Backlinks Reports', 'Backlink Berichte', '2010-09-29 20:12:44'),
(996, 'de', 'seotools', 'Check Submission Status', 'Eintragungsstatus prüfen', '2010-09-29 20:12:44'),
(997, 'de', 'seotools', 'clickgeneratereports', 'Auf <b>Starten</b> klicken, um Berichte zu erstellen', '2010-09-29 20:12:44'),
(998, 'de', 'seotools', 'Detailed Position Reports', 'Detaillierte Ranking Berichte', '2010-09-29 20:12:44'),
(999, 'de', 'seotools', 'directory-submission', 'Verzeichnis Eintragung', '2010-09-29 20:12:44'),
(1000, 'de', 'seotools', 'Featured Submission', 'Empfohlene Eintragung', '2010-09-29 20:12:44'),
(1001, 'de', 'seotools', 'Generate Backlinks Reports', 'Backlink Berichte erstellen', '2010-09-29 20:12:44'),
(1002, 'de', 'seotools', 'Generate Keyword Reports', 'Keyword Berichte erstellen', '2010-09-29 20:12:44'),
(1003, 'de', 'seotools', 'Generate Rank Reports', 'Rank Berichte erstellen', '2010-09-29 20:12:44'),
(1004, 'de', 'seotools', 'Generate Saturation Reports', 'Suchmaschinensichtbarkeits Berichte erstellen', '2010-09-29 20:12:44'),
(1005, 'de', 'seotools', 'Google Sitemap Generator', 'Google Sitemap Generator', '2010-09-29 20:12:44'),
(1006, 'de', 'seotools', 'Graphical Position Reports', 'Grafische Ranking Berichte', '2010-09-29 20:12:44'),
(1007, 'de', 'seotools', 'Keyword Position Summary', 'Keyword Ranking Zusammenfassung', '2010-09-29 20:12:44'),
(1008, 'de', 'seotools', 'keyword-position-checker', 'Keyword Ranking Checker', '2010-09-29 20:12:44'),
(1009, 'de', 'seotools', 'Keywords Manager', 'Keywords Manager', '2010-09-29 20:12:44'),
(1010, 'de', 'seotools', 'Quick Backlinks Checker', 'Schneller Backlink Check', '2010-09-29 20:12:44'),
(1011, 'de', 'seotools', 'Quick Position Checker', 'Schneller Ranking Check', '2010-09-29 20:12:44'),
(1012, 'de', 'seotools', 'Quick Rank Checker', 'Schneller Rank Ckeck', '2010-09-29 20:12:44'),
(1013, 'de', 'seotools', 'Quick Saturation Checker', 'Schneller Suchmaschinensichtbarkeits Ckeck', '2010-09-29 20:12:44'),
(1014, 'de', 'seotools', 'Rank Reports', 'Rank Berichte', '2010-09-29 20:12:44'),
(1015, 'de', 'seotools', 'rank-checker', 'Rank Checker', '2010-09-29 20:12:44'),
(1016, 'de', 'seotools', 'Saturation Reports', 'Sichtbarkeits Berichte', '2010-09-29 20:12:44'),
(1017, 'de', 'seotools', 'saturation-checker', 'Suchmaschinensichtbarkeit', '2010-09-29 20:12:44'),
(1018, 'de', 'seotools', 'sitemap-generator', 'Sitemap Generator', '2010-09-29 20:12:44'),
(1019, 'de', 'seotools', 'Skipped Directories', 'Übersprungene Verzeichnisse', '2010-09-29 20:12:44'),
(1020, 'de', 'seotools', 'Submission Reports', 'Eintragungs Berichte', '2010-09-29 20:12:44'),
(1021, 'de', 'seotools', 'User Access', 'Benutzer Zugriff', '2010-09-29 20:12:44'),
(1022, 'de', 'settings', 'Click here to become a sponsor for Seo Panel', '<b>Spende $100</b> und werde SEO Panel <b>Sponsor</b>.', '2010-09-29 23:07:31'),
(1023, 'de', 'settings', 'SP_CRAWL_DELAY', 'Pause zwischen Crawl Abfragen (in Sekunden)', '2010-09-29 23:07:31'),
(1024, 'de', 'settings', 'SP_DEFAULTLANG', 'Standard Sprache', '2010-09-29 23:07:31'),
(1025, 'de', 'settings', 'SP_DESCRIPTION', 'Seo Panel Beschreibung', '2010-09-29 23:07:31'),
(1026, 'de', 'settings', 'SP_ENABLE_PROXY', 'Proxy aktivieren', '2010-09-29 23:07:31'),
(1027, 'de', 'settings', 'SP_HOTLINKING', 'Hotlink Schutz für Grafiken aktiviert', '2010-09-29 23:07:31'),
(1028, 'de', 'settings', 'SP_KEYWORDS', 'SEO Panel Keywords', '2010-09-29 23:07:31'),
(1029, 'de', 'settings', 'SP_PAGINGNO', 'Anzahl an Einträgen pro Seite', '2010-09-29 23:07:31'),
(1030, 'de', 'settings', 'SP_TITLE', 'SEO Panel Titel', '2010-09-29 23:07:31'),
(1031, 'de', 'settings', 'SP_USER_GEN_REPORT', 'Benutzern erlauben Berichte zu erstellen', '2010-09-29 23:07:31'),
(1032, 'de', 'settings', 'SP_USER_REGISTRATION', 'Oberfläche der Benutzer Registrierung', '2010-09-29 23:07:31'),
(1033, 'de', 'settings', 'syssettingssaved', 'System Einstellungen erfolgreich gespeichert!', '2010-09-29 23:07:31'),
(1034, 'de', 'sitemap', 'Change frequency', 'Frequenz ändern', '2010-09-29 20:19:03'),
(1035, 'de', 'sitemap', 'clickproceedsitemap', 'Auf <b>Starten</b> klicken um Sitemap zu erstellen', '2010-09-29 20:19:03'),
(1036, 'de', 'sitemap', 'Download sitemap file from', 'Sitemap Datei herunterladen', '2010-09-29 20:19:03'),
(1037, 'de', 'sitemap', 'Exclude Url', 'URL ausschließen', '2010-09-29 20:19:03'),
(1038, 'de', 'sitemap', 'processtaketime', 'Dieser Prozess kann einige Minuten in Anspruch nehmen, abhängig von der Anzahl der Links auf der Webseite. Bitte kurz gedulden.', '2010-09-29 20:19:03'),
(1039, 'de', 'sitemap', 'Sitemap Type', 'Sitemap Typ', '2010-09-29 20:19:03'),
(1040, 'de', 'user', 'Edit User', 'Benutzer bearbeiten', '2010-09-29 20:19:42'),
(1041, 'de', 'user', 'Saved My Profile Details', 'Profil Details gespeichert', '2010-09-29 20:19:42'),
(1042, 'de', 'website', 'Edit Website', 'Webseite bearbeiten', '2010-09-29 20:20:50'),
(1043, 'de', 'website', 'plscrtwebsite', 'Bitte erst Webseite erstellen um SEO Tools und Erweiterungen zu nutzen.', '2010-09-29 20:20:50'),
(1044, 'de', 'website', 'Website already exist', 'Webseite bereits vorhanden', '2010-09-29 20:20:50'),
(1045, 'de', 'website', 'yourwebalreday', 'Deine Webseite, falls bereits eine erstellt wurde.', '2010-09-29 20:20:50'),
(1046, 'de', 'support', 'support_cont1', '<fieldset>\r\n<legend>Seo Panel Support System</legend>\r\n<ul class=\\"infobox\\">\r\n	<li>\r\n		<h1>1000-Webkataloge-Paket</h1> \r\n		<p>\r\n			Wir bieten dir ein Paket mit <b>1000 kostenlosen, aktiven und verifizierten</b> Webkatalogen, zur Integration in das <b>Verzeichnis Eintragungs Tool</b>.\r\n			Dieses hilft dir die Anzahl an <b>Backlinks</b> deiner eigenen Webseiten <b>erheblich zu steigern</b>.\r\n			Wir stellen diese Liste momentan zur Verfuegung um Geld zu sammeln fuer <b>zukuenftige Entwicklungen</b> fuer SEO Panel.\r\n			Um die Liste zu erhalten, <a href=\\"<?=SP_DONATE_LINK?>\\" target=\\"_blank\\">spende</a> $10 oder mehr um SEO Panel zu verbessern.\r\n			Falls du Fragen hast, nimm bitte <a href=\\"<?=SP_CONTACT_LINK?>\\" target=\\"_blank\\">Kontakt</a> auf oder oeffne ein Ticket im <a href=\\"<?=SP_SUPPORT_LINK?>\\" target=\\"_blank\\">Support System</a>.   \r\n		</p>		\r\n		<p>\r\n			<a href=\\"<?=SP_DONATE_LINK?>\\" target=\\"_blank\\">Hier klicken um eine Spende abzugeben.</a>\r\n		</p>\r\n		<br>\r\n	</li>\r\n	\r\n	<li>\r\n		<h1>Das Lokale-Suchmaschinen-Paket</h1> \r\n		<p>\r\n			Fuege <b>lokale Suchmaschinendomains</b> fuer google,yahoo,msn(<b>z.B: www.google.de,www.google.fr etc</b>) zum Seo Panel <b>Keyword Ranking Checker</b> hinzu, um das Ranking lokal zu analysieren.\r\n			Um lokale Suchmaschinen-Pakete zu erhalten, bitte <a href=\\"<?=SP_DONATE_LINK?>\\" target=\\"_blank\\">spende</a> $10 oder mehr um SEO Panel zu verbessern.\r\n			Bevor du spendest, nimm bitte <a href=\\"<?=SP_CONTACT_LINK?>\\" target=\\"_blank\\">Kontakt</a> auf und nenne uns die benoetigten Suchmaschinen Laenderkennzeichnungen.\r\n			<br><br>			  \r\n			Um <b>neue Suchmaschinen(z.B.:baidu.com)</b> hinzuzufuegen, nimm bitte <a href=\\"<?=SP_CONTACT_LINK?>\\" target=\\"_blank\\">Kontakt</a> auf oder oeffne ein Ticket im <a href=\\"<?=SP_SUPPORT_LINK?>\\" target=\\"_blank\\">Support System</a>. \r\n		</p>		\r\n		<p class=\\"visit\\">\r\n			<a href=\\"<?=SP_CONTACT_LINK?>\\" target=\\"_blank\\">Hier klicken um Kontakt aufzunehmen.</a>\r\n		</p>\r\n		<br>\r\n	</li>\r\n	\r\n	<li>\r\n		<h1>Seo Panel Erweiterungen</h1> \r\n		<p>\r\n			Integriere <b>SEO Erweiterungen</b> in Seo Panel, um die <b>Features zu erweiteren</b> um Sie deinen Anforderungen anzupassen.\r\n			<a href=\\"<?=SP_PLUGINSITE?>\\" target=\\"_blank\\">Seo Panel Erweiterungen</a> sind erhaeltlich von Seo Panel und Drittanbietern.\r\n			Es ist auch leicht, selbst Erweiterungen fuer Seo Panel zu <b>entwickeln</b>.\r\n			Du kannst deine eigene Erweiterung <a href=\\"<?=SP_PLUGINSITE?>\\" target=\\"_blank\\">uebermitteln</a> und wir werden es auf der webseite <b>veroeffentlichen</b>.        \r\n		</p>		\r\n		<p>\r\n			<a href=\\"<?=SP_PLUGINSITE?>\\" target=\\"_blank\\">Hier klicken fuer Seo Panel Erweiterungen</a>\r\n		</p>\r\n		<br>\r\n	</li>	\r\n	<li>\r\n		<h1>Kontakt</h1> \r\n		<p>\r\n			Nimm mit uns Kontakt auf, wenn Fragen zu <b>Seo Panel Tools, Erweiterungen, etc..</b> bestehen.       \r\n		</p>		\r\n		<p>\r\n			<a href=\\"<?=SP_CONTACT_LINK?>\\" target=\\"_blank\\">Hier klicken um Kontakt aufzunehmen.</a>\r\n		</p>\r\n		<br>\r\n	</li>	\r\n	<li>\r\n		<h1>Support Tickets</h1> \r\n		<p>\r\n			Fuer <b>technischen Support</b> vom Seo Panel Team.\r\n		</p>		\r\n		<p>\r\n			<a href=\\"<?=SP_SUPPORT_LINK?>\\" target=\\"_blank\\">Hier klicken um ein Support Ticken zu oeffnen.</a>\r\n		</p>\r\n		<br>\r\n	</li>	\r\n	<li>\r\n		<h1>Fehler berichten.</h1> \r\n		<p>\r\n			Berichte uns von <b>Fehlern</b> ueber <b>Seo panel Tools, Erweiterungen, etc. </b> durch klick auf diesen Link. \r\n			Bitte unterstuetze uns, Seo Panel in der Zukunft zu verbessern.          \r\n		</p>		\r\n		<p>\r\n			<a href=\\"<?=SP_SUPPORT_LINK?>\\" target=\\"_blank\\">Hier klicken um Fehler zu berichten.</a>\r\n		</p>\r\n		<br>\r\n	</li>	\r\n</ul>\r\n</fieldset>\r\n\r\n\r\n<fieldset>\r\n<legend>Seo Panel Online Ressourcen</legend>\r\n<ul class=\\"infobox\\">\r\n		\r\n	<li>\r\n		<h1>Seo Panel Hilfe</h1> \r\n		<p>\r\n			Schau dir die <a href=\\"<?=SP_HELP_LINK?>\\" target=\\"_blank\\">Seo Panel Dokumentation</a> in der <b>Hilfestellung</b> an. Diese beinhaltet die <b>Dokumentation</b> ueber Seo Panel Tools, Erweiterungen und vieles mehr.\r\n			<br>Dies ist der beste Platz im Internet um <b>Hilfe</b> fuer Seo Panel zu erhalten. Wir bitten darum im SEO Panel \\"help guide\\" darueber zu <b>berichten</b> falls Fehler entdeckt werden. 	          \r\n		</p>\r\n		<p>\r\n			<a href=\\"<?=SP_HELP_LINK?>\\" target=\\"_blank\\">Hier klicken um zum Hilfe-Bereich zu gelangen.</a>\r\n		</p>\r\n		<br>\r\n	</li>	\r\n	<li>\r\n		<h1>Seo Panel Forum</h1> \r\n		<p>\r\n			Der Platz um ueber das weltweit erste Open Source <b>Seo Control Panel</b> zu diskutieren. \r\n			Der beste Platz um <b>Antworten</b> auf <b>deine Fragen</b> ueber Seo Panel zu finden.\r\n			<br>Hier koennen auch <b>Erfahrungen ausgetauscht werden</b>.		     	          \r\n		</p>		\r\n		<p>\r\n			<a href=\\"<?=SP_FORUM_LINK?>\\" target=\\"_blank\\">Hier klicken um zum Seo Panel Forum zu gelangen.</a>\r\n		</p>\r\n		<br>\r\n	</li>\r\n</ul>	\r\n</fieldset>\r\n\r\n\r\n<fieldset>\r\n<legend>Spenden fuer Seo Panel</legend>\r\n<ul class=\\"infobox\\">		\r\n	<li>\r\n		<h1>Gib eine Spende fuer Seo Panel ab - Das erste Open Source Seo Control Panel weltweit.</h1> \r\n		<p>\r\n			<b>Spende</b> an Seo Panel um die weltweit erste Open Source SEO Software zu unterstuetzen.\r\n			Es ist geplant in der Zukunft weitere Features <b>hinzuzufügen und zu verbessern</b> . \r\n			<br>Nur mit dem <b>Support</b> unserer Benutzer ist es moeglich unsere <b>Ziele</b> zu erreichen.\r\n			Bist du der Meinung, Seo Panel ist <b>nuetzlich</b> fuer dich, gib bitte eine kleine Spende ab.\r\n			<br>Wir werden deinen Namen und deine Webseite auf unserer <a href=\\"<?=SP_DONATE_LINK?>\\" target=\\"_blank\\">Spendenseite</a> <b>veroeffentlichen</b> \r\n		</p>\r\n		<p>\r\n			<a href=\\"<?=SP_DONATE_LINK?>\\" target=\\"_blank\\">Hier klicken um fuer Seo Panel zu spenden</a>\r\n		</p>\r\n		<br>\r\n	</li>\r\n</ul>\r\n</fieldset>', '2010-09-29 23:25:32'),
(1047, 'de', 'support', 'support_cont2', '<fieldset>\r\n<legend>Seo Panel Online Ressourcen</legend>\r\n<ul class=\\"infobox\\">\r\n		\r\n	<li>\r\n		<h1>Seo Panel Hilfe</h1> \r\n		<p>\r\n			Schau dir die <a href=\\"<?=SP_HELP_LINK?>\\" target=\\"_blank\\">Seo Panel Dokumentation</a> in der <b>Hilfestellung</b> an. Diese beinhaltet die <b>Dokumentation</b> ueber Seo Panel Tools, Erweiterungen und vieles mehr.\r\n			<br>Dies ist der beste Platz im Internet um <b>Hilfe</b> fuer Seo Panel zu erhalten. Wir bitten darum im SEO Panel \\"help guide\\" darueber zu <b>berichten</b> falls Fehler entdeckt werden. 	          \r\n		</p>\r\n		<p>\r\n			<a href=\\"<?=SP_HELP_LINK?>\\" target=\\"_blank\\">Hier klicken um zum Hilfe-Bereich zu gelangen.</a>\r\n		</p>\r\n		<br>\r\n	</li>	\r\n	<li>\r\n		<h1>Seo Panel Forum</h1> \r\n		<p>\r\n			Der Platz um ueber das weltweit erste Open Source <b>Seo Control Panel</b> zu diskutieren. \r\n			Der beste Platz um <b>Antworten</b> auf <b>deine Fragen</b> ueber Seo Panel zu finden.\r\n			<br>Hier koennen auch <b>Erfahrungen ausgetauscht werden</b>.		     	          \r\n		</p>		\r\n		<p>\r\n			<a href=\\"<?=SP_FORUM_LINK?>\\" target=\\"_blank\\">Hier klicken um zum Seo Panel Forum zu gelangen.</a>\r\n		</p>\r\n		<br>\r\n	</li>\r\n</ul>	\r\n</fieldset>', '2010-09-29 23:25:32'),
(1048, 'de', 'support', 'support_cont3', '<fieldset>\r\n<legend>Fuer SEO Panel spenden</legend>\r\n<ul class=\\"infobox\\">		\r\n	<li>\r\n		<h1>Spende fuer die zukuenftige SEO Panel Entwicklung - Das erste Open Source Seo Control Panel weltweit.</h1> \r\n		<p>\r\n			<b>Spende</b> an Seo Panel um die weltweit erste Open Source SEO Software zu unterstuetzen.\r\n			Es ist geplant in der Zukunft weitere Features <b>hinzuzufügen und zu verbessern</b> . \r\n			<br>Nur mit dem <b>Support</b> unserer Benutzer ist es moeglich unsere <b>Ziele</b> zu erreichen.\r\n			Bist du der Meinung, Seo Panel ist <b>nuetzlich</b> fuer dich, gib bitte eine kleine Spende ab.\r\n			<br>Wir werden deinen Namen und deine Webseite auf unserer <a href=\\"<?=SP_DONATE_LINK?>\\" target=\\"_blank\\">Spendenseite</a> <b>veroeffentlichen</b> \r\n		</p>\r\n		<p>\r\n			<a href=\\"<?=SP_DONATE_LINK?>\\" target=\\"_blank\\">Hier klicken um fuer Seo Panel zu spenden</a>\r\n		</p>\r\n		<br>\r\n	</li>\r\n</ul>\r\n</fieldset>', '2010-09-29 23:25:32'),
(1049, 'en', 'settings', 'seopanel_title', 'Seo Panel: World''s first open source seo control panel for managing multiple web sites', '2010-09-30 00:46:04'),
(1050, 'en', 'settings', 'seopanel_description', 'A complete free control panel for managing search engine optimization of your websites. It containing lots of hot seo tools to increase and track the performace your websites. Its an open source software and also you can develop your own seo plugins for seo panel.', '2010-09-30 00:46:04');

--
-- to enable image saving for captcha
--
UPDATE `settings` SET `set_val` = '1' WHERE `settings`.`id` =7;

